{
	"credit": "Made with Blockbench",
	"texture_size": [32, 32],
	"textures": {
		"0": "item/anduril/dragonsword",
		"particle": "item/anduril/dragonsword"
	},
	"elements": [
		{
			"from": [7.25, 0, 7.65],
			"to": [8.75, 1.75, 9.75],
			"rotation": {"angle": -22.5, "axis": "x", "origin": [8, 0, 8]},
			"faces": {
				"north": {"uv": [5.5, 2.5, 6.5, 3.5], "texture": "#0"},
				"east": {"uv": [6, 5, 7, 6], "texture": "#0"},
				"south": {"uv": [6, 6, 7, 7], "texture": "#0"},
				"west": {"uv": [6.5, 0, 7.5, 1], "texture": "#0"},
				"up": {"uv": [7.5, 2, 6.5, 1], "texture": "#0"},
				"down": {"uv": [7.5, 2, 6.5, 3], "texture": "#0"}
			}
		},
		{
			"from": [7.5, 1.5, 7.1],
			"to": [8.5, 5.5, 9.6],
			"faces": {
				"north": {"uv": [7, 5, 7.5, 7], "texture": "#0"},
				"east": {"uv": [4, 0, 5.5, 2], "texture": "#0"},
				"south": {"uv": [6, 7, 6.5, 9], "texture": "#0"},
				"west": {"uv": [4, 2, 5.5, 4], "texture": "#0"},
				"up": {"uv": [8, 5.5, 7.5, 4], "texture": "#0"},
				"down": {"uv": [5.5, 7.5, 5, 9], "texture": "#0"}
			}
		},
		{
			"from": [7.5, 0.75, 8.6],
			"to": [8.5, 1.55, 9.6],
			"faces": {
				"north": {"uv": [5.5, 3.5, 6, 4], "texture": "#0"},
				"east": {"uv": [6, 3.5, 6.5, 4], "texture": "#0"},
				"south": {"uv": [8, 8, 8.5, 8.5], "texture": "#0"},
				"west": {"uv": [8.5, 0, 9, 0.5], "texture": "#0"},
				"up": {"uv": [9, 1, 8.5, 0.5], "texture": "#0"},
				"down": {"uv": [9, 1, 8.5, 1.5], "texture": "#0"}
			}
		},
		{
			"from": [7.5, 5, 9.2],
			"to": [8.5, 6.5, 10.2],
			"rotation": {"angle": 45, "axis": "x", "origin": [8, 5.5, 9.2]},
			"faces": {
				"north": {"uv": [6.5, 3, 7, 4], "texture": "#0"},
				"east": {"uv": [7, 3, 7.5, 4], "texture": "#0"},
				"south": {"uv": [7.5, 7, 8, 8], "texture": "#0"},
				"west": {"uv": [8, 0, 8.5, 1], "texture": "#0"},
				"up": {"uv": [9, 2, 8.5, 1.5], "texture": "#0"},
				"down": {"uv": [9, 2, 8.5, 2.5], "texture": "#0"}
			}
		},
		{
			"from": [7.5, 5, 6.5],
			"to": [8.5, 6.5, 7.5],
			"rotation": {"angle": -45, "axis": "x", "origin": [8, 5.5, 7.5]},
			"faces": {
				"north": {"uv": [8, 1, 8.5, 2], "texture": "#0"},
				"east": {"uv": [8, 2, 8.5, 3], "texture": "#0"},
				"south": {"uv": [8, 3, 8.5, 4], "texture": "#0"},
				"west": {"uv": [8, 4, 8.5, 5], "texture": "#0"},
				"up": {"uv": [9, 3, 8.5, 2.5], "texture": "#0"},
				"down": {"uv": [9, 3, 8.5, 3.5], "texture": "#0"}
			}
		},
		{
			"from": [7.5, 5.5, 5.1],
			"to": [8.5, 6.5, 11.6],
			"rotation": {"angle": 0, "axis": "y", "origin": [7.5, 5.5, 7.5]},
			"faces": {
				"north": {"uv": [8.5, 3.5, 9, 4], "texture": "#0"},
				"east": {"uv": [4, 4, 7.5, 4.5], "texture": "#0"},
				"south": {"uv": [4, 8.5, 4.5, 9], "texture": "#0"},
				"west": {"uv": [4, 4.5, 7.5, 5], "texture": "#0"},
				"up": {"uv": [4.5, 8.5, 4, 5], "texture": "#0"},
				"down": {"uv": [5, 5, 4.5, 8.5], "texture": "#0"}
			}
		},
		{
			"from": [7.6, 6.5, 6.8],
			"to": [8.4, 27.5, 9.8],
			"rotation": {"angle": 0, "axis": "y", "origin": [7.5, 6.5, 6.8]},
			"faces": {
				"north": {"uv": [3, 0, 3.5, 10.5], "texture": "#0"},
				"east": {"uv": [0, 0, 1.5, 10.5], "texture": "#0"},
				"south": {"uv": [3.5, 0, 4, 10.5], "texture": "#0"},
				"west": {"uv": [1.5, 0, 3, 10.5], "texture": "#0"},
				"up": {"uv": [6, 9, 5.5, 7.5], "texture": "#0"},
				"down": {"uv": [8, 5.5, 7.5, 7], "texture": "#0"}
			}
		},
		{
			"from": [7.6, 27.5, 6.8],
			"to": [8.4, 32, 7.8],
			"rotation": {"angle": 22.5, "axis": "x", "origin": [7.5, 27.5, 6.8]},
			"faces": {
				"north": {"uv": [5, 5, 5.5, 7.5], "texture": "#0"},
				"east": {"uv": [5.5, 0, 6, 2.5], "texture": "#0"},
				"south": {"uv": [5.5, 5, 6, 7.5], "texture": "#0"},
				"west": {"uv": [6, 0, 6.5, 2.5], "texture": "#0"},
				"up": {"uv": [9, 4.5, 8.5, 4], "texture": "#0"},
				"down": {"uv": [5, 8.5, 4.5, 9], "texture": "#0"}
			}
		},
		{
			"from": [7.6, 27.5, 8.55],
			"to": [8.4, 31.65, 9.8],
			"rotation": {"angle": 0, "axis": "y", "origin": [7.5, 27.5, 8.8]},
			"faces": {
				"north": {"uv": [6.5, 7, 7, 9], "texture": "#0"},
				"east": {"uv": [7, 7, 7.5, 9], "texture": "#0"},
				"south": {"uv": [7.5, 0, 8, 2], "texture": "#0"},
				"west": {"uv": [7.5, 2, 8, 4], "texture": "#0"},
				"up": {"uv": [9, 5, 8.5, 4.5], "texture": "#0"},
				"down": {"uv": [9, 5, 8.5, 5.5], "texture": "#0"}
			}
		},
		{
			"from": [7.6, 27.5, 7.85],
			"to": [8.4, 29.15, 8.6],
			"rotation": {"angle": 0, "axis": "y", "origin": [7.5, 27.5, 7.6]},
			"faces": {
				"north": {"uv": [8, 5, 8.5, 6], "texture": "#0"},
				"east": {"uv": [8, 6, 8.5, 7], "texture": "#0"},
				"south": {"uv": [8, 7, 8.5, 8], "texture": "#0"},
				"west": {"uv": [7.5, 8, 8, 9], "texture": "#0"},
				"up": {"uv": [9, 6, 8.5, 5.5], "texture": "#0"},
				"down": {"uv": [9, 6, 8.5, 6.5], "texture": "#0"}
			}
		}
	],
	"display": {
		"thirdperson_righthand": {
			"translation": [-0.75, 2.25, 1.25],
			"scale": [0.74219, 0.74219, 0.74219]
		},
		"thirdperson_lefthand": {
			"translation": [-0.75, 2.25, 1.25],
			"scale": [0.74219, 0.74219, 0.74219]
		},
		"firstperson_righthand": {
			"rotation": [-10.28, -0.28, 1.3],
			"translation": [0, 3.25, 2.5],
			"scale": [0.47852, 0.47266, 0.47852]
		},
		"firstperson_lefthand": {
			"rotation": [-10.28, -0.28, 1.3],
			"translation": [0, 3.25, 2.5],
			"scale": [0.47852, 0.47266, 0.47852]
		},
		"ground": {
			"rotation": [-15.36, -0.61, 4.49],
			"translation": [0, 4.5, 2.75],
			"scale": [0.62109, 0.62109, 0.62109]
		},
		"gui": {
			"rotation": [-90, -45, -90],
			"translation": [-3.25, -3.75, 0],
			"scale": [0.63672, 0.63672, 0.63672]
		},
		"fixed": {
			"rotation": [-90, 45, 90],
			"translation": [3.5, -4.5, -0.5],
			"scale": [0.74414, 0.74414, 0.74414]
		}
	}
}