{
	"credit": "Made with Blockbench",
	"texture_size": [64, 64],
	"textures": {
		"0": "item/charge_railgun/charger",
		"particle": "item/charge_railgun/charger"
	},
	"elements": [
		{
			"from": [7.4, -2.5, 12.25],
			"to": [8.6, -1.8, 18.25],
			"rotation": {"angle": 0, "axis": "y", "origin": [7.5, -2.5, 16.05]},
			"faces": {
				"north": {"uv": [2.5, 6.5, 2.75, 6.75], "texture": "#0"},
				"east": {"uv": [4.75, 2.25, 6.25, 2.5], "texture": "#0"},
				"south": {"uv": [2.75, 6.5, 3, 6.75], "texture": "#0"},
				"west": {"uv": [4.75, 2.5, 6.25, 2.75], "texture": "#0"},
				"up": {"uv": [0.75, 6.5, 0.5, 5], "texture": "#0"},
				"down": {"uv": [1, 5, 0.75, 6.5], "texture": "#0"}
			}
		},
		{
			"from": [7.5, -2.4, 16.7],
			"to": [8.5, 5.9, 18.2],
			"rotation": {"angle": -22.5, "axis": "x", "origin": [7.5, -2.4, 16.7]},
			"faces": {
				"north": {"uv": [2.5, 4.5, 2.75, 6.5], "texture": "#0"},
				"east": {"uv": [3.75, 1.25, 4.25, 3.25], "texture": "#0"},
				"south": {"uv": [2.75, 4.5, 3, 6.5], "texture": "#0"},
				"west": {"uv": [3.5, 3.75, 4, 5.75], "texture": "#0"},
				"up": {"uv": [6.5, 5.25, 6.25, 4.75], "texture": "#0"},
				"down": {"uv": [5.5, 6.25, 5.25, 6.75], "texture": "#0"}
			}
		},
		{
			"from": [7.4, -2.5, 12.25],
			"to": [8.6, 3.3, 12.95],
			"rotation": {"angle": -22.5, "axis": "x", "origin": [8, -2.5, 12.25]},
			"faces": {
				"north": {"uv": [1, 5, 1.25, 6.5], "texture": "#0"},
				"east": {"uv": [1.25, 5, 1.5, 6.5], "texture": "#0"},
				"south": {"uv": [1.5, 5, 1.75, 6.5], "texture": "#0"},
				"west": {"uv": [1.75, 5, 2, 6.5], "texture": "#0"},
				"up": {"uv": [4.25, 6.75, 4, 6.5], "texture": "#0"},
				"down": {"uv": [4.5, 6.5, 4.25, 6.75], "texture": "#0"}
			}
		},
		{
			"from": [7.25, 3, -0.25],
			"to": [8.75, 4, 16.25],
			"rotation": {"angle": 0, "axis": "y", "origin": [7.5, 3, 15.25]},
			"faces": {
				"north": {"uv": [6.5, 4.25, 6.75, 4.5], "texture": "#0"},
				"east": {"uv": [3.75, 0.75, 8, 1], "texture": "#0"},
				"south": {"uv": [6.5, 4.5, 6.75, 4.75], "texture": "#0"},
				"west": {"uv": [3.75, 1, 8, 1.25], "texture": "#0"},
				"up": {"uv": [3.25, 8, 3, 3.75], "texture": "#0"},
				"down": {"uv": [3.5, 3.75, 3.25, 8], "texture": "#0"}
			}
		},
		{
			"from": [6.7, 4, -2],
			"to": [9.3, 5, 16.4],
			"rotation": {"angle": 0, "axis": "y", "origin": [7.5, 4, 1]},
			"faces": {
				"north": {"uv": [6, 5.75, 6.75, 6], "texture": "#0"},
				"east": {"uv": [3, 0, 7.5, 0.25], "texture": "#0"},
				"south": {"uv": [6, 6, 6.75, 6.25], "texture": "#0"},
				"west": {"uv": [3, 0.25, 7.5, 0.5], "texture": "#0"},
				"up": {"uv": [0.75, 4.5, 0, 0], "texture": "#0"},
				"down": {"uv": [1.5, 0, 0.75, 4.5], "texture": "#0"}
			}
		},
		{
			"from": [6.7, 6.2, -2],
			"to": [9.3, 7.175, 15.5],
			"rotation": {"angle": 0, "axis": "y", "origin": [7.5, 6.2, 1]},
			"faces": {
				"north": {"uv": [6.25, 3.75, 7, 4], "texture": "#0"},
				"east": {"uv": [3, 3.5, 7.5, 3.75], "texture": "#0"},
				"south": {"uv": [6.25, 4, 7, 4.25], "texture": "#0"},
				"west": {"uv": [3.75, 0.5, 8.25, 0.75], "texture": "#0"},
				"up": {"uv": [2.25, 4.5, 1.5, 0], "texture": "#0"},
				"down": {"uv": [3, 0, 2.25, 4.5], "texture": "#0"}
			}
		},
		{
			"from": [7, 2.25, 4],
			"to": [9, 4, 10.75],
			"rotation": {"angle": 0, "axis": "y", "origin": [7, 3, 7]},
			"faces": {
				"north": {"uv": [5.75, 3.75, 6.25, 4.25], "texture": "#0"},
				"east": {"uv": [4, 3.75, 5.75, 4.25], "texture": "#0"},
				"south": {"uv": [5.25, 5.75, 5.75, 6.25], "texture": "#0"},
				"west": {"uv": [4.25, 1.25, 6, 1.75], "texture": "#0"},
				"up": {"uv": [4.75, 3.5, 4.25, 1.75], "texture": "#0"},
				"down": {"uv": [4.5, 4.25, 4, 6], "texture": "#0"}
			}
		},
		{
			"from": [7.3, 0.3, 4.7],
			"to": [8.7, 2.3, 9.7],
			"rotation": {"angle": 0, "axis": "y", "origin": [7.5, 1.3, 8.7]},
			"faces": {
				"north": {"uv": [6.25, 5.25, 6.5, 5.75], "texture": "#0"},
				"east": {"uv": [0, 4.5, 1.25, 5], "texture": "#0"},
				"south": {"uv": [5.5, 6.25, 5.75, 6.75], "texture": "#0"},
				"west": {"uv": [1.25, 4.5, 2.5, 5], "texture": "#0"},
				"up": {"uv": [6, 6, 5.75, 4.75], "texture": "#0"},
				"down": {"uv": [5.25, 5.75, 5, 7], "texture": "#0"}
			}
		},
		{
			"from": [6.8, 5, 1.9],
			"to": [7.3, 6.3, 9.9],
			"rotation": {"angle": 0, "axis": "y", "origin": [6.8, 5, 3.9]},
			"faces": {
				"north": {"uv": [6.5, 4.75, 6.75, 5], "texture": "#0"},
				"east": {"uv": [4.5, 4.25, 6.5, 4.5], "texture": "#0"},
				"south": {"uv": [6.5, 5, 6.75, 5.25], "texture": "#0"},
				"west": {"uv": [4.5, 4.5, 6.5, 4.75], "texture": "#0"},
				"up": {"uv": [4.75, 6.75, 4.5, 4.75], "texture": "#0"},
				"down": {"uv": [5, 4.75, 4.75, 6.75], "texture": "#0"}
			}
		},
		{
			"from": [8.7, 5, 1.9],
			"to": [9.2, 6.3, 9.9],
			"rotation": {"angle": 0, "axis": "y", "origin": [8.7, 5, 3.9]},
			"faces": {
				"north": {"uv": [6.5, 5.25, 6.75, 5.5], "texture": "#0"},
				"east": {"uv": [4.75, 1.75, 6.75, 2], "texture": "#0"},
				"south": {"uv": [6.5, 5.5, 6.75, 5.75], "texture": "#0"},
				"west": {"uv": [4.75, 2, 6.75, 2.25], "texture": "#0"},
				"up": {"uv": [0.25, 7, 0, 5], "texture": "#0"},
				"down": {"uv": [0.5, 5, 0.25, 7], "texture": "#0"}
			}
		},
		{
			"from": [6.7, 5, 9.9],
			"to": [9.3, 6.3, 15.5],
			"rotation": {"angle": 0, "axis": "y", "origin": [6.7, 5, 11]},
			"faces": {
				"north": {"uv": [6.25, 2.25, 7, 2.5], "texture": "#0"},
				"east": {"uv": [4.75, 2.75, 6.25, 3], "texture": "#0"},
				"south": {"uv": [6.25, 2.5, 7, 2.75], "texture": "#0"},
				"west": {"uv": [4.75, 3, 6.25, 3.25], "texture": "#0"},
				"up": {"uv": [3.75, 2, 3, 0.5], "texture": "#0"},
				"down": {"uv": [3.75, 2, 3, 3.5], "texture": "#0"}
			}
		},
		{
			"from": [6.7, 5, 15.4],
			"to": [9.3, 7.355, 16.4],
			"rotation": {"angle": -22.5, "axis": "x", "origin": [7, 5, 16.4]},
			"faces": {
				"north": {"uv": [5, 4.75, 5.75, 5.25], "texture": "#0"},
				"east": {"uv": [6, 6.25, 6.25, 6.75], "texture": "#0"},
				"south": {"uv": [5, 5.25, 5.75, 5.75], "texture": "#0"},
				"west": {"uv": [6.25, 6.25, 6.5, 6.75], "texture": "#0"},
				"up": {"uv": [7, 3, 6.25, 2.75], "texture": "#0"},
				"down": {"uv": [7, 3, 6.25, 3.25], "texture": "#0"}
			}
		},
		{
			"from": [7.25, 5.05, 16.15],
			"to": [8.75, 6.55, 16.25],
			"rotation": {"angle": -22.5, "axis": "x", "origin": [7.5, 5.3, 15.35]},
			"faces": {
				"north": {"uv": [6, 1.25, 6.5, 1.75], "texture": "#0"},
				"east": {"uv": [0.5, 6.5, 0.75, 7], "texture": "#0"},
				"south": {"uv": [3.25, 1, 3.5, 1.25], "texture": "#0"},
				"west": {"uv": [0.75, 6.5, 1, 7], "texture": "#0"},
				"up": {"uv": [4.25, 3.5, 3.75, 3.25], "texture": "#0"},
				"down": {"uv": [1.5, 6.5, 1, 6.75], "texture": "#0"}
			}
		},
		{
			"from": [7.5, -2.7, -0.15],
			"to": [8.5, 3.1, 0.85],
			"rotation": {"angle": -22.5, "axis": "x", "origin": [7.5, 3.1, -0.1]},
			"faces": {
				"north": {"uv": [2, 5, 2.25, 6.5], "texture": "#0"},
				"east": {"uv": [2.25, 5, 2.5, 6.5], "texture": "#0"},
				"south": {"uv": [3.5, 5.75, 3.75, 7.25], "texture": "#0"},
				"west": {"uv": [3.75, 5.75, 4, 7.25], "texture": "#0"},
				"up": {"uv": [6.75, 6.5, 6.5, 6.25], "texture": "#0"},
				"down": {"uv": [6.75, 6.5, 6.5, 6.75], "texture": "#0"}
			}
		},
		{
			"from": [7.5, 7.2, 6.1],
			"to": [8.5, 7.8, 10],
			"rotation": {"angle": 0, "axis": "y", "origin": [7.5, 7.2, 9]},
			"faces": {
				"north": {"uv": [1, 6.75, 1.25, 7], "texture": "#0"},
				"east": {"uv": [4.75, 3.25, 5.75, 3.5], "texture": "#0"},
				"south": {"uv": [1.25, 6.75, 1.5, 7], "texture": "#0"},
				"west": {"uv": [5.75, 3.25, 6.75, 3.5], "texture": "#0"},
				"up": {"uv": [6.25, 5.75, 6, 4.75], "texture": "#0"},
				"down": {"uv": [6, 6, 5.75, 7], "texture": "#0"}
			}
		},
		{
			"from": [7.95, 8, 8],
			"to": [8.05, 8.9, 8],
			"rotation": {"angle": 0, "axis": "y", "origin": [7.5, 8, 8]},
			"faces": {
				"north": {"uv": [6.75, 1.25, 7, 1.5], "texture": "#0"},
				"east": {"uv": [0, 0, 0, 0.25], "texture": "#0"},
				"south": {"uv": [1.5, 6.75, 1.75, 7], "texture": "#0"},
				"west": {"uv": [0, 0, 0, 0.25], "texture": "#0"},
				"up": {"uv": [0.25, 0, 0, 0], "texture": "#0"},
				"down": {"uv": [0.25, 0, 0, 0], "texture": "#0"}
			}
		},
		{
			"from": [7.95, 9.2, 8],
			"to": [8.05, 9.5, 8],
			"rotation": {"angle": 0, "axis": "y", "origin": [7.5, 9.2, 8]},
			"faces": {
				"north": {"uv": [6.75, 1.5, 7, 1.75], "texture": "#0"},
				"east": {"uv": [0, 0, 0, 0.25], "texture": "#0"},
				"south": {"uv": [1.75, 6.75, 2, 7], "texture": "#0"},
				"west": {"uv": [0, 0, 0, 0.25], "texture": "#0"},
				"up": {"uv": [0.25, 0, 0, 0], "texture": "#0"},
				"down": {"uv": [0.25, 0, 0, 0], "texture": "#0"}
			}
		},
		{
			"from": [7.35, 9, 8],
			"to": [7.85, 9.1, 8],
			"rotation": {"angle": 0, "axis": "y", "origin": [7.4, 8.8, 8]},
			"faces": {
				"north": {"uv": [6.75, 1.75, 7, 2], "texture": "#0"},
				"east": {"uv": [0, 0, 0, 0.25], "texture": "#0"},
				"south": {"uv": [2, 6.75, 2.25, 7], "texture": "#0"},
				"west": {"uv": [0, 0, 0, 0.25], "texture": "#0"},
				"up": {"uv": [0.25, 0, 0, 0], "texture": "#0"},
				"down": {"uv": [0.25, 0, 0, 0], "texture": "#0"}
			}
		},
		{
			"from": [8.15, 9, 8],
			"to": [8.65, 9.1, 8],
			"rotation": {"angle": 0, "axis": "y", "origin": [8.2, 8.8, 8]},
			"faces": {
				"north": {"uv": [6.75, 3.25, 7, 3.5], "texture": "#0"},
				"east": {"uv": [0, 0, 0, 0.25], "texture": "#0"},
				"south": {"uv": [4, 6.75, 4.25, 7], "texture": "#0"},
				"west": {"uv": [0, 0, 0, 0.25], "texture": "#0"},
				"up": {"uv": [0.25, 0, 0, 0], "texture": "#0"},
				"down": {"uv": [0.25, 0, 0, 0], "texture": "#0"}
			}
		},
		{
			"from": [7.7, 8.6, 8],
			"to": [8.3, 8.7, 8],
			"rotation": {"angle": 0, "axis": "y", "origin": [7.5, 8.4, 8]},
			"faces": {
				"north": {"uv": [6.75, 2, 7, 2.25], "texture": "#0"},
				"east": {"uv": [0, 0, 0, 0.25], "texture": "#0"},
				"south": {"uv": [2.25, 6.75, 2.5, 7], "texture": "#0"},
				"west": {"uv": [0, 0, 0, 0.25], "texture": "#0"},
				"up": {"uv": [0.25, 0, 0, 0], "texture": "#0"},
				"down": {"uv": [0.25, 0, 0, 0], "texture": "#0"}
			}
		},
		{
			"from": [7.85, 8.3, 8],
			"to": [8.15, 8.4, 8],
			"rotation": {"angle": 0, "axis": "y", "origin": [7.5, 8.1, 8]},
			"faces": {
				"north": {"uv": [2.5, 6.75, 2.75, 7], "texture": "#0"},
				"east": {"uv": [0, 0, 0, 0.25], "texture": "#0"},
				"south": {"uv": [2.75, 6.75, 3, 7], "texture": "#0"},
				"west": {"uv": [0, 0, 0, 0.25], "texture": "#0"},
				"up": {"uv": [0.25, 0, 0, 0], "texture": "#0"},
				"down": {"uv": [0.25, 0, 0, 0], "texture": "#0"}
			}
		},
		{
			"from": [7.85, 2.4, 13.6],
			"to": [8.15, 3.5, 14],
			"rotation": {"angle": 22.5, "axis": "x", "origin": [7.5, 2.5, 13]},
			"faces": {
				"north": {"uv": [6.5, 1.25, 6.75, 1.5], "texture": "#0"},
				"east": {"uv": [1.5, 6.5, 1.75, 6.75], "texture": "#0"},
				"south": {"uv": [6.5, 1.5, 6.75, 1.75], "texture": "#0"},
				"west": {"uv": [1.75, 6.5, 2, 6.75], "texture": "#0"},
				"up": {"uv": [2.25, 6.75, 2, 6.5], "texture": "#0"},
				"down": {"uv": [2.5, 6.5, 2.25, 6.75], "texture": "#0"}
			}
		}
	],
	"display": {
		"thirdperson_righthand": {
			"translation": [0, 3.25, -3.5],
			"scale": [0.72461, 0.72461, 0.72461]
		},
		"thirdperson_lefthand": {
			"translation": [0, 3.25, -3.75],
			"scale": [0.7207, 0.7207, 0.7207]
		},
		"firstperson_righthand": {
			"rotation": [-8.08, 0.08, -1.47],
			"translation": [7.75, 4.5, -3.25]
		},
		"firstperson_lefthand": {
			"translation": [-1.75, 6.25, -2.25]
		},
		"ground": {
			"translation": [0, 8.5, 0]
		},
		"gui": {
			"rotation": [-166.69, 50.76, -179.73],
			"translation": [0, 3.75, 0],
			"scale": [0.82813, 0.82813, 0.82813]
		},
		"fixed": {
			"rotation": [0, 90, 0],
			"translation": [0, 4.5, -1.25],
			"scale": [0.90039, 0.90039, 0.90039]
		}
	}
}