{
	"credit": "Made with Blockbench",
	"texture_size": [32, 32],
	"textures": {
		"0": "item/railgun_long/railgun",
		"particle": "item/railgun_long/railgun"
	},
	"elements": [
		{
			"from": [7.8, 0.2, 11.7],
			"to": [8.2, 3, 13],
			"rotation": {"angle": -22.5, "axis": "x", "origin": [8, 0.2, 12]},
			"faces": {
				"north": {"uv": [6, 5.5, 6.5, 7], "texture": "#0"},
				"east": {"uv": [6.5, 0, 7, 1.5], "texture": "#0"},
				"south": {"uv": [6.5, 1.5, 7, 3], "texture": "#0"},
				"west": {"uv": [4.5, 6.5, 5, 8], "texture": "#0"},
				"up": {"uv": [9.5, 5.5, 9, 5], "texture": "#0"},
				"down": {"uv": [6, 9, 5.5, 9.5], "texture": "#0"}
			}
		},
		{
			"from": [7.7, 0, 9.15],
			"to": [8.3, 0.6, 12.95],
			"rotation": {"angle": 0, "axis": "y", "origin": [7.5, 0, 11.75]},
			"faces": {
				"north": {"uv": [9, 5.5, 9.5, 6], "texture": "#0"},
				"east": {"uv": [5, 4, 7, 4.5], "texture": "#0"},
				"south": {"uv": [9, 6, 9.5, 6.5], "texture": "#0"},
				"west": {"uv": [5, 4.5, 7, 5], "texture": "#0"},
				"up": {"uv": [3, 7, 2.5, 5], "texture": "#0"},
				"down": {"uv": [3.5, 5, 3, 7], "texture": "#0"}
			}
		},
		{
			"from": [7.7, 0, 8.4],
			"to": [8.3, 2.6, 9.2],
			"rotation": {"angle": 0, "axis": "y", "origin": [7.5, 0, 8.2]},
			"faces": {
				"north": {"uv": [6.5, 5.5, 7, 7], "texture": "#0"},
				"east": {"uv": [7, 0, 7.5, 1.5], "texture": "#0"},
				"south": {"uv": [7, 1.5, 7.5, 3], "texture": "#0"},
				"west": {"uv": [2.5, 7, 3, 8.5], "texture": "#0"},
				"up": {"uv": [7.5, 9.5, 7, 9], "texture": "#0"},
				"down": {"uv": [9.5, 7.5, 9, 8], "texture": "#0"}
			}
		},
		{
			"from": [7.5, 2.6, 8.2],
			"to": [8.5, 3, 18.7],
			"rotation": {"angle": 0, "axis": "y", "origin": [7.5, 2.6, 12.2]},
			"faces": {
				"north": {"uv": [9, 8, 9.5, 8.5], "texture": "#0"},
				"east": {"uv": [0, 3, 5.5, 3.5], "texture": "#0"},
				"south": {"uv": [8.5, 9, 9, 9.5], "texture": "#0"},
				"west": {"uv": [0, 3.5, 5.5, 4], "texture": "#0"},
				"up": {"uv": [0.5, 9.5, 0, 4], "texture": "#0"},
				"down": {"uv": [1, 4, 0.5, 9.5], "texture": "#0"}
			}
		},
		{
			"from": [7.6, 1.7, 16.7],
			"to": [8.4, 2.7, 17.1],
			"rotation": {"angle": -22.5, "axis": "x", "origin": [7.5, 1.7, 16.7]},
			"faces": {
				"north": {"uv": [9, 8.5, 9.5, 9], "texture": "#0"},
				"east": {"uv": [9, 9, 9.5, 9.5], "texture": "#0"},
				"south": {"uv": [0, 9.5, 0.5, 10], "texture": "#0"},
				"west": {"uv": [9.5, 0, 10, 0.5], "texture": "#0"},
				"up": {"uv": [1, 10, 0.5, 9.5], "texture": "#0"},
				"down": {"uv": [10, 0.5, 9.5, 1], "texture": "#0"}
			}
		},
		{
			"from": [7.5, 0.5, 18.8],
			"to": [8.5, 3.2, 19.8],
			"rotation": {"angle": -22.5, "axis": "x", "origin": [7.5, 0.5, 18.8]},
			"faces": {
				"north": {"uv": [3, 7, 3.5, 8.5], "texture": "#0"},
				"east": {"uv": [7, 3.5, 7.5, 5], "texture": "#0"},
				"south": {"uv": [7, 5, 7.5, 6.5], "texture": "#0"},
				"west": {"uv": [6, 7, 6.5, 8.5], "texture": "#0"},
				"up": {"uv": [10, 1.5, 9.5, 1], "texture": "#0"},
				"down": {"uv": [10, 1.5, 9.5, 2], "texture": "#0"}
			}
		},
		{
			"from": [7.5, 2.4, 18.7],
			"to": [8.5, 4.3, 19.1],
			"rotation": {"angle": 0, "axis": "y", "origin": [7.5, 2.4, 18.1]},
			"faces": {
				"north": {"uv": [7.5, 6, 8, 7], "texture": "#0"},
				"east": {"uv": [7.5, 7, 8, 8], "texture": "#0"},
				"south": {"uv": [8, 0.5, 8.5, 1.5], "texture": "#0"},
				"west": {"uv": [8, 1.5, 8.5, 2.5], "texture": "#0"},
				"up": {"uv": [10, 2.5, 9.5, 2], "texture": "#0"},
				"down": {"uv": [3, 9.5, 2.5, 10], "texture": "#0"}
			}
		},
		{
			"from": [7.6, 1.7, 16.7],
			"to": [8.4, 1.9, 18.3],
			"rotation": {"angle": 0, "axis": "y", "origin": [7.6, 1.7, 17.7]},
			"faces": {
				"north": {"uv": [9.5, 2.5, 10, 3], "texture": "#0"},
				"east": {"uv": [8, 2.5, 9, 3], "texture": "#0"},
				"south": {"uv": [3, 9.5, 3.5, 10], "texture": "#0"},
				"west": {"uv": [8, 3, 9, 3.5], "texture": "#0"},
				"up": {"uv": [4, 9, 3.5, 8], "texture": "#0"},
				"down": {"uv": [8.5, 3.5, 8, 4.5], "texture": "#0"}
			}
		},
		{
			"from": [7.3, 3, 8.6],
			"to": [8.7, 4.5, 14],
			"rotation": {"angle": 0, "axis": "y", "origin": [7.5, 3, 13]},
			"faces": {
				"north": {"uv": [4, 8, 4.5, 9], "texture": "#0"},
				"east": {"uv": [4, 0, 6.5, 1], "texture": "#0"},
				"south": {"uv": [4.5, 8, 5, 9], "texture": "#0"},
				"west": {"uv": [1, 4, 3.5, 5], "texture": "#0"},
				"up": {"uv": [5, 6.5, 4.5, 4], "texture": "#0"},
				"down": {"uv": [1.5, 5, 1, 7.5], "texture": "#0"}
			}
		},
		{
			"from": [7.3, 2, 0.9],
			"to": [8.7, 4.5, 8.6],
			"rotation": {"angle": 0, "axis": "y", "origin": [7.5, 2, 7.6]},
			"faces": {
				"north": {"uv": [6.5, 7, 7, 8.5], "texture": "#0"},
				"east": {"uv": [0, 0, 4, 1.5], "texture": "#0"},
				"south": {"uv": [7, 6.5, 7.5, 8], "texture": "#0"},
				"west": {"uv": [0, 1.5, 4, 3], "texture": "#0"},
				"up": {"uv": [4, 8, 3.5, 4], "texture": "#0"},
				"down": {"uv": [4.5, 4, 4, 8], "texture": "#0"}
			}
		},
		{
			"from": [7.3, 1.5, 0.4],
			"to": [8.7, 4.5, 0.9],
			"rotation": {"angle": 0, "axis": "y", "origin": [7.5, 2, 6.6]},
			"faces": {
				"north": {"uv": [1.5, 7.5, 2, 9], "texture": "#0"},
				"east": {"uv": [2, 7.5, 2.5, 9], "texture": "#0"},
				"south": {"uv": [7.5, 2, 8, 3.5], "texture": "#0"},
				"west": {"uv": [7.5, 3.5, 8, 5], "texture": "#0"},
				"up": {"uv": [1.5, 10.5, 1, 10], "texture": "#0"},
				"down": {"uv": [10.5, 1, 10, 1.5], "texture": "#0"}
			}
		},
		{
			"from": [7.5, 0.75, 5],
			"to": [8.5, 2, 8.35],
			"rotation": {"angle": 0, "axis": "y", "origin": [7.5, 1, 7.25]},
			"faces": {
				"north": {"uv": [9.5, 3, 10, 3.5], "texture": "#0"},
				"east": {"uv": [5.5, 3.5, 7, 4], "texture": "#0"},
				"south": {"uv": [9.5, 3.5, 10, 4], "texture": "#0"},
				"west": {"uv": [7.5, 0, 9, 0.5], "texture": "#0"},
				"up": {"uv": [8, 2, 7.5, 0.5], "texture": "#0"},
				"down": {"uv": [1.5, 7.5, 1, 9], "texture": "#0"}
			}
		},
		{
			"from": [7.9, 1.9, 9.2],
			"to": [8.1, 2.7, 9.5],
			"rotation": {"angle": 0, "axis": "y", "origin": [7.9, 1.7, 9]},
			"faces": {
				"north": {"uv": [9.5, 4, 10, 4.5], "texture": "#0"},
				"east": {"uv": [9.5, 4.5, 10, 5], "texture": "#0"},
				"south": {"uv": [9.5, 5, 10, 5.5], "texture": "#0"},
				"west": {"uv": [5.5, 9.5, 6, 10], "texture": "#0"},
				"up": {"uv": [10, 6, 9.5, 5.5], "texture": "#0"},
				"down": {"uv": [6.5, 9.5, 6, 10], "texture": "#0"}
			}
		},
		{
			"from": [7.9, 1.9, 10.5],
			"to": [8.1, 2.7, 11],
			"rotation": {"angle": 0, "axis": "y", "origin": [7.9, 1.7, 10.5]},
			"faces": {
				"north": {"uv": [9.5, 6, 10, 6.5], "texture": "#0"},
				"east": {"uv": [6.5, 9.5, 7, 10], "texture": "#0"},
				"south": {"uv": [9.5, 6.5, 10, 7], "texture": "#0"},
				"west": {"uv": [7, 9.5, 7.5, 10], "texture": "#0"},
				"up": {"uv": [10, 7.5, 9.5, 7], "texture": "#0"},
				"down": {"uv": [8, 9.5, 7.5, 10], "texture": "#0"}
			}
		},
		{
			"from": [7.4, 0.9, 7.6],
			"to": [8.6, 1.9, 8],
			"rotation": {"angle": 0, "axis": "y", "origin": [6.5, 0.4, 7.6]},
			"faces": {
				"north": {"uv": [9.5, 7.5, 10, 8], "texture": "#0"},
				"east": {"uv": [8, 9.5, 8.5, 10], "texture": "#0"},
				"south": {"uv": [9.5, 8, 10, 8.5], "texture": "#0"},
				"west": {"uv": [8.5, 9.5, 9, 10], "texture": "#0"},
				"up": {"uv": [10, 9, 9.5, 8.5], "texture": "#0"},
				"down": {"uv": [9.5, 9.5, 9, 10], "texture": "#0"}
			}
		},
		{
			"from": [7.4, 0.9, 7],
			"to": [8.6, 1.9, 7.4],
			"rotation": {"angle": 0, "axis": "y", "origin": [6.5, 0.4, 7]},
			"faces": {
				"north": {"uv": [9.5, 9, 10, 9.5], "texture": "#0"},
				"east": {"uv": [9.5, 9.5, 10, 10], "texture": "#0"},
				"south": {"uv": [0, 10, 0.5, 10.5], "texture": "#0"},
				"west": {"uv": [10, 0, 10.5, 0.5], "texture": "#0"},
				"up": {"uv": [1, 10.5, 0.5, 10], "texture": "#0"},
				"down": {"uv": [10.5, 0.5, 10, 1], "texture": "#0"}
			}
		},
		{
			"from": [7.5, 3.2, -0.4],
			"to": [8.5, 4.2, 0.4],
			"rotation": {"angle": 0, "axis": "y", "origin": [7.5, 3.2, 0]},
			"faces": {
				"north": {"uv": [1.5, 10, 2, 10.5], "texture": "#0"},
				"east": {"uv": [10, 1.5, 10.5, 2], "texture": "#0"},
				"south": {"uv": [2, 10, 2.5, 10.5], "texture": "#0"},
				"west": {"uv": [10, 2, 10.5, 2.5], "texture": "#0"},
				"up": {"uv": [3, 10.5, 2.5, 10], "texture": "#0"},
				"down": {"uv": [10.5, 2.5, 10, 3], "texture": "#0"}
			}
		},
		{
			"from": [7.7, 2.4, 0],
			"to": [8.3, 3, 0.4],
			"rotation": {"angle": 0, "axis": "y", "origin": [7.5, 2.2, 0]},
			"faces": {
				"north": {"uv": [3, 10, 3.5, 10.5], "texture": "#0"},
				"east": {"uv": [10, 3, 10.5, 3.5], "texture": "#0"},
				"south": {"uv": [3.5, 10, 4, 10.5], "texture": "#0"},
				"west": {"uv": [10, 3.5, 10.5, 4], "texture": "#0"},
				"up": {"uv": [4.5, 10.5, 4, 10], "texture": "#0"},
				"down": {"uv": [10.5, 4, 10, 4.5], "texture": "#0"}
			}
		},
		{
			"from": [7.3, 1.25, 0.4],
			"to": [8.7, 1.5, 0.9],
			"rotation": {"angle": 0, "axis": "y", "origin": [7.5, 0.5, 0.4]},
			"faces": {
				"north": {"uv": [4.5, 10, 5, 10.5], "texture": "#0"},
				"east": {"uv": [10, 4.5, 10.5, 5], "texture": "#0"},
				"south": {"uv": [5, 10, 5.5, 10.5], "texture": "#0"},
				"west": {"uv": [10, 5, 10.5, 5.5], "texture": "#0"},
				"up": {"uv": [6, 10.5, 5.5, 10], "texture": "#0"},
				"down": {"uv": [10.5, 5.5, 10, 6], "texture": "#0"}
			}
		},
		{
			"from": [7.3, 1, 0.4],
			"to": [8.7, 1.3, 2.6],
			"rotation": {"angle": 0, "axis": "y", "origin": [7.5, 0.25, 0.4]},
			"faces": {
				"north": {"uv": [6, 10, 6.5, 10.5], "texture": "#0"},
				"east": {"uv": [8, 4.5, 9, 5], "texture": "#0"},
				"south": {"uv": [10, 6, 10.5, 6.5], "texture": "#0"},
				"west": {"uv": [8, 6, 9, 6.5], "texture": "#0"},
				"up": {"uv": [8.5, 7.5, 8, 6.5], "texture": "#0"},
				"down": {"uv": [7.5, 8, 7, 9], "texture": "#0"}
			}
		},
		{
			"from": [7.3, 1, 2.6],
			"to": [8.7, 1.3, 4.6],
			"rotation": {"angle": -22.5, "axis": "x", "origin": [7.7, 1, 2.6]},
			"faces": {
				"north": {"uv": [6.5, 10, 7, 10.5], "texture": "#0"},
				"east": {"uv": [7.5, 8, 8.5, 8.5], "texture": "#0"},
				"south": {"uv": [10, 6.5, 10.5, 7], "texture": "#0"},
				"west": {"uv": [8, 7.5, 9, 8], "texture": "#0"},
				"up": {"uv": [9, 1.5, 8.5, 0.5], "texture": "#0"},
				"down": {"uv": [9, 1.5, 8.5, 2.5], "texture": "#0"}
			}
		},
		{
			"from": [7.3, 1.75, 4.3],
			"to": [8.7, 2, 5],
			"rotation": {"angle": 0, "axis": "y", "origin": [7.5, 1.4, 3.8]},
			"faces": {
				"north": {"uv": [7, 10, 7.5, 10.5], "texture": "#0"},
				"east": {"uv": [10, 7, 10.5, 7.5], "texture": "#0"},
				"south": {"uv": [7.5, 10, 8, 10.5], "texture": "#0"},
				"west": {"uv": [10, 7.5, 10.5, 8], "texture": "#0"},
				"up": {"uv": [8.5, 10.5, 8, 10], "texture": "#0"},
				"down": {"uv": [10.5, 8, 10, 8.5], "texture": "#0"}
			}
		},
		{
			"from": [7.5, 3, 14],
			"to": [8.5, 4.5, 15],
			"rotation": {"angle": 0, "axis": "y", "origin": [7.5, 3, 14]},
			"faces": {
				"north": {"uv": [2.5, 8.5, 3, 9.5], "texture": "#0"},
				"east": {"uv": [3, 8.5, 3.5, 9.5], "texture": "#0"},
				"south": {"uv": [8.5, 3.5, 9, 4.5], "texture": "#0"},
				"west": {"uv": [6, 8.5, 6.5, 9.5], "texture": "#0"},
				"up": {"uv": [9, 10.5, 8.5, 10], "texture": "#0"},
				"down": {"uv": [10.5, 8.5, 10, 9], "texture": "#0"}
			}
		},
		{
			"from": [7.5, 4.5, 11.9],
			"to": [8.5, 4.7, 12.9],
			"rotation": {"angle": 0, "axis": "y", "origin": [7.5, 4.5, 11.9]},
			"faces": {
				"north": {"uv": [9, 10, 9.5, 10.5], "texture": "#0"},
				"east": {"uv": [10, 9, 10.5, 9.5], "texture": "#0"},
				"south": {"uv": [9.5, 10, 10, 10.5], "texture": "#0"},
				"west": {"uv": [10, 9.5, 10.5, 10], "texture": "#0"},
				"up": {"uv": [10.5, 10.5, 10, 10], "texture": "#0"},
				"down": {"uv": [0.5, 10.5, 0, 11], "texture": "#0"}
			}
		},
		{
			"from": [7.85, 4.7, 1.9],
			"to": [8.05, 4.9, 2.9],
			"rotation": {"angle": -45, "axis": "z", "origin": [7.8, 4.7, 1.9]},
			"faces": {
				"north": {"uv": [10.5, 4.5, 11, 5], "texture": "#0"},
				"east": {"uv": [5, 10.5, 5.5, 11], "texture": "#0"},
				"south": {"uv": [10.5, 5, 11, 5.5], "texture": "#0"},
				"west": {"uv": [5.5, 10.5, 6, 11], "texture": "#0"},
				"up": {"uv": [11, 6, 10.5, 5.5], "texture": "#0"},
				"down": {"uv": [6.5, 10.5, 6, 11], "texture": "#0"}
			}
		},
		{
			"from": [7.7, 4.5, 1.8],
			"to": [8.3, 4.7, 3],
			"rotation": {"angle": 0, "axis": "y", "origin": [7.5, 4.5, 1.9]},
			"faces": {
				"north": {"uv": [10.5, 3, 11, 3.5], "texture": "#0"},
				"east": {"uv": [3.5, 10.5, 4, 11], "texture": "#0"},
				"south": {"uv": [10.5, 3.5, 11, 4], "texture": "#0"},
				"west": {"uv": [4, 10.5, 4.5, 11], "texture": "#0"},
				"up": {"uv": [11, 4.5, 10.5, 4], "texture": "#0"},
				"down": {"uv": [5, 10.5, 4.5, 11], "texture": "#0"}
			}
		},
		{
			"from": [7.5, 4.7, 11.9],
			"to": [7.9, 4.9, 12.9],
			"rotation": {"angle": 0, "axis": "y", "origin": [7.5, 4.7, 11.9]},
			"faces": {
				"north": {"uv": [10.5, 0, 11, 0.5], "texture": "#0"},
				"east": {"uv": [0.5, 10.5, 1, 11], "texture": "#0"},
				"south": {"uv": [10.5, 0.5, 11, 1], "texture": "#0"},
				"west": {"uv": [1, 10.5, 1.5, 11], "texture": "#0"},
				"up": {"uv": [11, 1.5, 10.5, 1], "texture": "#0"},
				"down": {"uv": [2, 10.5, 1.5, 11], "texture": "#0"}
			}
		},
		{
			"from": [8.1, 4.7, 11.9],
			"to": [8.5, 4.9, 12.9],
			"rotation": {"angle": 0, "axis": "y", "origin": [8.1, 4.7, 11.9]},
			"faces": {
				"north": {"uv": [10.5, 1.5, 11, 2], "texture": "#0"},
				"east": {"uv": [2, 10.5, 2.5, 11], "texture": "#0"},
				"south": {"uv": [10.5, 2, 11, 2.5], "texture": "#0"},
				"west": {"uv": [2.5, 10.5, 3, 11], "texture": "#0"},
				"up": {"uv": [11, 3, 10.5, 2.5], "texture": "#0"},
				"down": {"uv": [3.5, 10.5, 3, 11], "texture": "#0"}
			}
		},
		{
			"from": [7.8, 0.1, 12.9],
			"to": [8.2, 0.6, 15],
			"rotation": {"angle": 0, "axis": "y", "origin": [7.7, 0.1, 12.9]},
			"faces": {
				"north": {"uv": [10.5, 6, 11, 6.5], "texture": "#0"},
				"east": {"uv": [8.5, 6.5, 9.5, 7], "texture": "#0"},
				"south": {"uv": [6.5, 10.5, 7, 11], "texture": "#0"},
				"west": {"uv": [8.5, 7, 9.5, 7.5], "texture": "#0"},
				"up": {"uv": [7, 9.5, 6.5, 8.5], "texture": "#0"},
				"down": {"uv": [8, 8.5, 7.5, 9.5], "texture": "#0"}
			}
		},
		{
			"from": [7.8, 0.1, 15],
			"to": [8.2, 0.6, 17.7],
			"rotation": {"angle": -45, "axis": "x", "origin": [7.7, 0.1, 15]},
			"faces": {
				"north": {"uv": [10.5, 6.5, 11, 7], "texture": "#0"},
				"east": {"uv": [7.5, 5, 9, 5.5], "texture": "#0"},
				"south": {"uv": [7, 10.5, 7.5, 11], "texture": "#0"},
				"west": {"uv": [7.5, 5.5, 9, 6], "texture": "#0"},
				"up": {"uv": [5.5, 9, 5, 7.5], "texture": "#0"},
				"down": {"uv": [6, 7.5, 5.5, 9], "texture": "#0"}
			}
		},
		{
			"from": [7.2, 2.3, 3.4],
			"to": [7.3, 4.3, 8.2],
			"rotation": {"angle": 0, "axis": "y", "origin": [6.3, 2.8, 5.2]},
			"faces": {
				"north": {"uv": [8, 8.5, 8.5, 9.5], "texture": "#0"},
				"east": {"uv": [4, 1, 6.5, 2], "texture": "#0"},
				"south": {"uv": [8.5, 8, 9, 9], "texture": "#0"},
				"west": {"uv": [4, 2, 6.5, 3], "texture": "#0"},
				"up": {"uv": [2, 7.5, 1.5, 5], "texture": "#0"},
				"down": {"uv": [2.5, 5, 2, 7.5], "texture": "#0"}
			}
		},
		{
			"from": [7.1, 2.5, 3.9],
			"to": [7.2, 4.1, 4.4],
			"rotation": {"angle": 0, "axis": "y", "origin": [6.2, 2.6, 3.9]},
			"faces": {
				"north": {"uv": [9, 0, 9.5, 1], "texture": "#0"},
				"east": {"uv": [1, 9, 1.5, 10], "texture": "#0"},
				"south": {"uv": [9, 1, 9.5, 2], "texture": "#0"},
				"west": {"uv": [1.5, 9, 2, 10], "texture": "#0"},
				"up": {"uv": [11, 7.5, 10.5, 7], "texture": "#0"},
				"down": {"uv": [8, 10.5, 7.5, 11], "texture": "#0"}
			}
		},
		{
			"from": [7.1, 2.5, 7.2],
			"to": [7.2, 4.1, 7.7],
			"rotation": {"angle": 0, "axis": "y", "origin": [6.2, 2.6, 7.2]},
			"faces": {
				"north": {"uv": [2, 9, 2.5, 10], "texture": "#0"},
				"east": {"uv": [9, 2, 9.5, 3], "texture": "#0"},
				"south": {"uv": [9, 3, 9.5, 4], "texture": "#0"},
				"west": {"uv": [3.5, 9, 4, 10], "texture": "#0"},
				"up": {"uv": [11, 8, 10.5, 7.5], "texture": "#0"},
				"down": {"uv": [8.5, 10.5, 8, 11], "texture": "#0"}
			}
		},
		{
			"from": [7.1, 2.5, 5.6],
			"to": [7.2, 4.1, 6.1],
			"rotation": {"angle": 0, "axis": "y", "origin": [6.2, 2.6, 5.6]},
			"faces": {
				"north": {"uv": [4, 9, 4.5, 10], "texture": "#0"},
				"east": {"uv": [9, 4, 9.5, 5], "texture": "#0"},
				"south": {"uv": [4.5, 9, 5, 10], "texture": "#0"},
				"west": {"uv": [5, 9, 5.5, 10], "texture": "#0"},
				"up": {"uv": [11, 8.5, 10.5, 8], "texture": "#0"},
				"down": {"uv": [9, 10.5, 8.5, 11], "texture": "#0"}
			}
		},
		{
			"from": [7.2, 4, 8.9],
			"to": [7.3, 4.2, 12.9],
			"rotation": {"angle": 0, "axis": "y", "origin": [6.3, 3.3, 11]},
			"faces": {
				"north": {"uv": [10.5, 8.5, 11, 9], "texture": "#0"},
				"east": {"uv": [5, 5, 7, 5.5], "texture": "#0"},
				"south": {"uv": [9, 10.5, 9.5, 11], "texture": "#0"},
				"west": {"uv": [5.5, 3, 7.5, 3.5], "texture": "#0"},
				"up": {"uv": [5.5, 7.5, 5, 5.5], "texture": "#0"},
				"down": {"uv": [6, 5.5, 5.5, 7.5], "texture": "#0"}
			}
		},
		{
			"from": [7.1, 3.7, 9],
			"to": [7.3, 4.3, 9.8],
			"rotation": {"angle": 0, "axis": "y", "origin": [6.3, 3.3, 8.7]},
			"faces": {
				"north": {"uv": [10.5, 9, 11, 9.5], "texture": "#0"},
				"east": {"uv": [9.5, 10.5, 10, 11], "texture": "#0"},
				"south": {"uv": [10.5, 9.5, 11, 10], "texture": "#0"},
				"west": {"uv": [10, 10.5, 10.5, 11], "texture": "#0"},
				"up": {"uv": [11, 10.5, 10.5, 10], "texture": "#0"},
				"down": {"uv": [11, 10.5, 10.5, 11], "texture": "#0"}
			}
		},
		{
			"from": [7.65, 4.5, 12.8],
			"to": [7.75, 4.6, 13],
			"rotation": {"angle": 0, "axis": "y", "origin": [7.3, 4.5, 12.55]},
			"faces": {
				"north": {"uv": [4.5, 1, 5, 1.5], "texture": "#0"},
				"east": {"uv": [4.5, 1, 5, 1.5], "texture": "#0"},
				"south": {"uv": [4.5, 1, 5, 1.5], "texture": "#0"},
				"west": {"uv": [4.5, 1, 5, 1.5], "texture": "#0"},
				"up": {"uv": [4.5, 1, 5, 1.5], "texture": "#0"},
				"down": {"uv": [4.5, 1, 5, 1.5], "texture": "#0"}
			}
		},
		{
			"from": [7.95, 4.5, 12.8],
			"to": [8.05, 4.6, 13],
			"rotation": {"angle": 0, "axis": "y", "origin": [7.6, 4.5, 12.55]},
			"faces": {
				"north": {"uv": [4, 1, 4.5, 1.5], "texture": "#0"},
				"east": {"uv": [4, 1, 4.5, 1.5], "texture": "#0"},
				"south": {"uv": [4, 1, 4.5, 1.5], "texture": "#0"},
				"west": {"uv": [4, 1, 4.5, 1.5], "texture": "#0"},
				"up": {"uv": [4, 1, 4.5, 1.5], "texture": "#0"},
				"down": {"uv": [4, 1, 4.5, 1.5], "texture": "#0"}
			}
		},
		{
			"from": [8.25, 4.5, 12.8],
			"to": [8.35, 4.6, 13],
			"rotation": {"angle": 0, "axis": "y", "origin": [7.9, 4.5, 12.55]},
			"faces": {
				"north": {"uv": [4, 1, 4.5, 1.5], "texture": "#0"},
				"east": {"uv": [4, 1, 4.5, 1.5], "texture": "#0"},
				"south": {"uv": [4, 1, 4.5, 1.5], "texture": "#0"},
				"west": {"uv": [4, 1, 4.5, 1.5], "texture": "#0"},
				"up": {"uv": [4, 1, 4.5, 1.5], "texture": "#0"},
				"down": {"uv": [4, 1, 4.5, 1.5], "texture": "#0"}
			}
		}
	],
	"gui_light": "front",
	"display": {
		"thirdperson_righthand": {
			"translation": [-1.25, 5.25, -2.25]
		},
		"thirdperson_lefthand": {
			"translation": [-1.25, 5.25, -2.25]
		},
		"firstperson_righthand": {
			"rotation": [20.7, 10.65, 4.61],
			"translation": [-2.25, 8.25, 0.75],
			"scale": [1.24805, 1.24805, 1.24805]
		},
		"firstperson_lefthand": {
			"translation": [-2.5, 10, 1.75]
		},
		"ground": {
			"translation": [0, 6.25, -1.25]
		},
		"gui": {
			"rotation": [-159.5, 68.25, -180],
			"translation": [-1.25, 3.75, 0],
			"scale": [0.79883, 0.79883, 0.79883]
		},
		"fixed": {
			"rotation": [0, -90, 0],
			"translation": [1.5, 5.25, -0.75],
			"scale": [0.94336, 0.94336, 0.94336]
		}
	}
}