{
	"credit": "Made with Blockbench",
	"texture_size": [32, 32],
	"textures": {
		"0": "item/buckler_texture",
		"particle": "item/buckler_texture"
	},
	"elements": [
		{
			"from": [3, 0, 3],
			"to": [13, 1, 13],
			"faces": {
				"north": {"uv": [9, 0, 14, 0.5], "texture": "#0"},
				"east": {"uv": [9, 0.5, 14, 1], "texture": "#0"},
				"south": {"uv": [9, 1, 14, 1.5], "texture": "#0"},
				"west": {"uv": [9, 1.5, 14, 2], "texture": "#0"},
				"up": {"uv": [5, 5, 0, 0], "texture": "#0"},
				"down": {"uv": [5, 5, 0, 10], "texture": "#0"}
			}
		},
		{
			"from": [4, 0, 2],
			"to": [12, 0.75, 3],
			"faces": {
				"north": {"uv": [9, 2, 13, 2.5], "texture": "#0"},
				"east": {"uv": [6.5, 13.5, 7, 14], "texture": "#0"},
				"south": {"uv": [9, 2.5, 13, 3], "texture": "#0"},
				"west": {"uv": [13.5, 6.5, 14, 7], "texture": "#0"},
				"up": {"uv": [13, 3.5, 9, 3], "texture": "#0"},
				"down": {"uv": [13, 3.5, 9, 4], "texture": "#0"}
			}
		},
		{
			"from": [2, 0, 4],
			"to": [3, 0.75, 12],
			"faces": {
				"north": {"uv": [7, 13.5, 7.5, 14], "texture": "#0"},
				"east": {"uv": [9, 4, 13, 4.5], "texture": "#0"},
				"south": {"uv": [13.5, 10.5, 14, 11], "texture": "#0"},
				"west": {"uv": [9, 4.5, 13, 5], "texture": "#0"},
				"up": {"uv": [0.5, 14, 0, 10], "texture": "#0"},
				"down": {"uv": [1, 10, 0.5, 14], "texture": "#0"}
			}
		},
		{
			"from": [13, 0, 4],
			"to": [14, 0.75, 12],
			"faces": {
				"north": {"uv": [13.5, 11, 14, 11.5], "texture": "#0"},
				"east": {"uv": [9, 5, 13, 5.5], "texture": "#0"},
				"south": {"uv": [13, 13.5, 13.5, 14], "texture": "#0"},
				"west": {"uv": [9, 5.5, 13, 6], "texture": "#0"},
				"up": {"uv": [1.5, 14, 1, 10], "texture": "#0"},
				"down": {"uv": [2, 10, 1.5, 14], "texture": "#0"}
			}
		},
		{
			"from": [4, 0, 13],
			"to": [12, 0.75, 14],
			"faces": {
				"north": {"uv": [9, 6, 13, 6.5], "texture": "#0"},
				"east": {"uv": [13.5, 13.5, 14, 14], "texture": "#0"},
				"south": {"uv": [9, 6.5, 13, 7], "texture": "#0"},
				"west": {"uv": [0, 14, 0.5, 14.5], "texture": "#0"},
				"up": {"uv": [13, 7.5, 9, 7], "texture": "#0"},
				"down": {"uv": [13, 7.5, 9, 8], "texture": "#0"}
			}
		},
		{
			"from": [6, 0, 1],
			"to": [10, 0.6, 2],
			"faces": {
				"north": {"uv": [11, 10.5, 13, 11], "texture": "#0"},
				"east": {"uv": [14, 0, 14.5, 0.5], "texture": "#0"},
				"south": {"uv": [3, 11.5, 5, 12], "texture": "#0"},
				"west": {"uv": [0.5, 14, 1, 14.5], "texture": "#0"},
				"up": {"uv": [7, 12, 5, 11.5], "texture": "#0"},
				"down": {"uv": [9, 11.5, 7, 12], "texture": "#0"}
			}
		},
		{
			"from": [1, 0, 6],
			"to": [2, 0.6, 10],
			"faces": {
				"north": {"uv": [14, 0.5, 14.5, 1], "texture": "#0"},
				"east": {"uv": [9, 11.5, 11, 12], "texture": "#0"},
				"south": {"uv": [1, 14, 1.5, 14.5], "texture": "#0"},
				"west": {"uv": [11, 11.5, 13, 12], "texture": "#0"},
				"up": {"uv": [3.5, 14, 3, 12], "texture": "#0"},
				"down": {"uv": [4, 12, 3.5, 14], "texture": "#0"}
			}
		},
		{
			"from": [14, 0, 6],
			"to": [15, 0.6, 10],
			"faces": {
				"north": {"uv": [14, 1, 14.5, 1.5], "texture": "#0"},
				"east": {"uv": [4, 12, 6, 12.5], "texture": "#0"},
				"south": {"uv": [1.5, 14, 2, 14.5], "texture": "#0"},
				"west": {"uv": [6, 12, 8, 12.5], "texture": "#0"},
				"up": {"uv": [8.5, 14, 8, 12], "texture": "#0"},
				"down": {"uv": [9, 12, 8.5, 14], "texture": "#0"}
			}
		},
		{
			"from": [6, 0, 14],
			"to": [10, 0.6, 15],
			"faces": {
				"north": {"uv": [9, 12, 11, 12.5], "texture": "#0"},
				"east": {"uv": [14, 1.5, 14.5, 2], "texture": "#0"},
				"south": {"uv": [11, 12, 13, 12.5], "texture": "#0"},
				"west": {"uv": [14, 2, 14.5, 2.5], "texture": "#0"},
				"up": {"uv": [6, 13, 4, 12.5], "texture": "#0"},
				"down": {"uv": [8, 12.5, 6, 13], "texture": "#0"}
			}
		},
		{
			"from": [7, 0, 0.5],
			"to": [9, 0.5, 1],
			"faces": {
				"north": {"uv": [4, 13, 5, 13.5], "texture": "#0"},
				"east": {"uv": [14, 2.5, 14.5, 3], "texture": "#0"},
				"south": {"uv": [13, 4, 14, 4.5], "texture": "#0"},
				"west": {"uv": [3, 14, 3.5, 14.5], "texture": "#0"},
				"up": {"uv": [14, 5, 13, 4.5], "texture": "#0"},
				"down": {"uv": [6, 13, 5, 13.5], "texture": "#0"}
			}
		},
		{
			"from": [0.5, 0, 7],
			"to": [1, 0.5, 9],
			"faces": {
				"north": {"uv": [14, 3, 14.5, 3.5], "texture": "#0"},
				"east": {"uv": [13, 5, 14, 5.5], "texture": "#0"},
				"south": {"uv": [3.5, 14, 4, 14.5], "texture": "#0"},
				"west": {"uv": [13, 5.5, 14, 6], "texture": "#0"},
				"up": {"uv": [6.5, 14, 6, 13], "texture": "#0"},
				"down": {"uv": [13.5, 6, 13, 7], "texture": "#0"}
			}
		},
		{
			"from": [15, 0, 7],
			"to": [15.5, 0.5, 9],
			"faces": {
				"north": {"uv": [14, 3.5, 14.5, 4], "texture": "#0"},
				"east": {"uv": [6.5, 13, 7.5, 13.5], "texture": "#0"},
				"south": {"uv": [4, 14, 4.5, 14.5], "texture": "#0"},
				"west": {"uv": [13, 7, 14, 7.5], "texture": "#0"},
				"up": {"uv": [8, 14, 7.5, 13], "texture": "#0"},
				"down": {"uv": [13.5, 10.5, 13, 11.5], "texture": "#0"}
			}
		},
		{
			"from": [7, 0, 15],
			"to": [9, 0.5, 15.5],
			"faces": {
				"north": {"uv": [13, 7.5, 14, 8], "texture": "#0"},
				"east": {"uv": [14, 4, 14.5, 4.5], "texture": "#0"},
				"south": {"uv": [13, 11.5, 14, 12], "texture": "#0"},
				"west": {"uv": [4.5, 14, 5, 14.5], "texture": "#0"},
				"up": {"uv": [14, 12.5, 13, 12], "texture": "#0"},
				"down": {"uv": [14, 12.5, 13, 13], "texture": "#0"}
			}
		},
		{
			"from": [3.5, 0, 2.5],
			"to": [4, 0.75, 3],
			"faces": {
				"north": {"uv": [14, 4.5, 14.5, 5], "texture": "#0"},
				"east": {"uv": [5, 14, 5.5, 14.5], "texture": "#0"},
				"south": {"uv": [14, 5, 14.5, 5.5], "texture": "#0"},
				"west": {"uv": [5.5, 14, 6, 14.5], "texture": "#0"},
				"up": {"uv": [14.5, 6, 14, 5.5], "texture": "#0"},
				"down": {"uv": [6.5, 14, 6, 14.5], "texture": "#0"}
			}
		},
		{
			"from": [2.5, 0, 3.5],
			"to": [3, 0.75, 4],
			"faces": {
				"north": {"uv": [6.5, 14, 7, 14.5], "texture": "#0"},
				"east": {"uv": [14, 6.5, 14.5, 7], "texture": "#0"},
				"south": {"uv": [7, 14, 7.5, 14.5], "texture": "#0"},
				"west": {"uv": [14, 7, 14.5, 7.5], "texture": "#0"},
				"up": {"uv": [8, 14.5, 7.5, 14], "texture": "#0"},
				"down": {"uv": [14.5, 7.5, 14, 8], "texture": "#0"}
			}
		},
		{
			"from": [3.5, 0, 13],
			"to": [4, 0.75, 13.5],
			"faces": {
				"north": {"uv": [8, 14, 8.5, 14.5], "texture": "#0"},
				"east": {"uv": [8.5, 14, 9, 14.5], "texture": "#0"},
				"south": {"uv": [14, 9, 14.5, 9.5], "texture": "#0"},
				"west": {"uv": [14, 9.5, 14.5, 10], "texture": "#0"},
				"up": {"uv": [14.5, 10.5, 14, 10], "texture": "#0"},
				"down": {"uv": [14.5, 10.5, 14, 11], "texture": "#0"}
			}
		},
		{
			"from": [2.5, 0, 12],
			"to": [3, 0.75, 12.5],
			"faces": {
				"north": {"uv": [14, 11, 14.5, 11.5], "texture": "#0"},
				"east": {"uv": [14, 11.5, 14.5, 12], "texture": "#0"},
				"south": {"uv": [14, 12, 14.5, 12.5], "texture": "#0"},
				"west": {"uv": [14, 12.5, 14.5, 13], "texture": "#0"},
				"up": {"uv": [13.5, 14.5, 13, 14], "texture": "#0"},
				"down": {"uv": [14.5, 13, 14, 13.5], "texture": "#0"}
			}
		},
		{
			"from": [12, 0, 2.5],
			"to": [12.5, 0.75, 3],
			"faces": {
				"north": {"uv": [13.5, 14, 14, 14.5], "texture": "#0"},
				"east": {"uv": [14, 13.5, 14.5, 14], "texture": "#0"},
				"south": {"uv": [14, 14, 14.5, 14.5], "texture": "#0"},
				"west": {"uv": [0, 14.5, 0.5, 15], "texture": "#0"},
				"up": {"uv": [15, 0.5, 14.5, 0], "texture": "#0"},
				"down": {"uv": [1, 14.5, 0.5, 15], "texture": "#0"}
			}
		},
		{
			"from": [13, 0, 3.5],
			"to": [13.5, 0.75, 4],
			"faces": {
				"north": {"uv": [13.5, 14, 14, 14.5], "texture": "#0"},
				"east": {"uv": [14, 13.5, 14.5, 14], "texture": "#0"},
				"south": {"uv": [14, 14, 14.5, 14.5], "texture": "#0"},
				"west": {"uv": [0, 14.5, 0.5, 15], "texture": "#0"},
				"up": {"uv": [15, 0.5, 14.5, 0], "texture": "#0"},
				"down": {"uv": [1, 14.5, 0.5, 15], "texture": "#0"}
			}
		},
		{
			"from": [12, 0, 13],
			"to": [12.5, 0.75, 13.5],
			"faces": {
				"north": {"uv": [14.5, 0.5, 15, 1], "texture": "#0"},
				"east": {"uv": [1, 14.5, 1.5, 15], "texture": "#0"},
				"south": {"uv": [14.5, 1, 15, 1.5], "texture": "#0"},
				"west": {"uv": [1.5, 14.5, 2, 15], "texture": "#0"},
				"up": {"uv": [15, 2, 14.5, 1.5], "texture": "#0"},
				"down": {"uv": [2.5, 14.5, 2, 15], "texture": "#0"}
			}
		},
		{
			"from": [13, 0, 12],
			"to": [13.5, 0.75, 12.5],
			"faces": {
				"north": {"uv": [14.5, 0.5, 15, 1], "texture": "#0"},
				"east": {"uv": [1, 14.5, 1.5, 15], "texture": "#0"},
				"south": {"uv": [14.5, 1, 15, 1.5], "texture": "#0"},
				"west": {"uv": [1.5, 14.5, 2, 15], "texture": "#0"},
				"up": {"uv": [15, 2, 14.5, 1.5], "texture": "#0"},
				"down": {"uv": [2.5, 14.5, 2, 15], "texture": "#0"}
			}
		},
		{
			"from": [4, 1, 4],
			"to": [12, 1.6, 12],
			"faces": {
				"north": {"uv": [2, 11, 6, 11.5], "texture": "#0"},
				"east": {"uv": [6, 11, 10, 11.5], "texture": "#0"},
				"south": {"uv": [11, 8, 15, 8.5], "texture": "#0"},
				"west": {"uv": [11, 8.5, 15, 9], "texture": "#0"},
				"up": {"uv": [9, 4, 5, 0], "texture": "#0"},
				"down": {"uv": [9, 4, 5, 8], "texture": "#0"}
			}
		},
		{
			"from": [5, 1.25, 5],
			"to": [11, 2.25, 11],
			"faces": {
				"north": {"uv": [2, 10, 5, 10.5], "texture": "#0"},
				"east": {"uv": [2, 10.5, 5, 11], "texture": "#0"},
				"south": {"uv": [11, 9, 14, 9.5], "texture": "#0"},
				"west": {"uv": [11, 9.5, 14, 10], "texture": "#0"},
				"up": {"uv": [8, 11, 5, 8], "texture": "#0"},
				"down": {"uv": [11, 8, 8, 11], "texture": "#0"}
			}
		},
		{
			"from": [7.5, -4, 4],
			"to": [8.5, 0, 5],
			"faces": {
				"north": {"uv": [9, 12.5, 9.5, 14.5], "texture": "#0"},
				"east": {"uv": [9.5, 12.5, 10, 14.5], "texture": "#0"},
				"south": {"uv": [10, 12.5, 10.5, 14.5], "texture": "#0"},
				"west": {"uv": [10.5, 12.5, 11, 14.5], "texture": "#0"},
				"up": {"uv": [15, 2.5, 14.5, 2], "texture": "#0"},
				"down": {"uv": [3, 14.5, 2.5, 15], "texture": "#0"}
			}
		},
		{
			"from": [7.6, -3.8, 5],
			"to": [8.4, -2.85, 11],
			"faces": {
				"north": {"uv": [14.5, 2.5, 15, 3], "texture": "#0"},
				"east": {"uv": [10, 11, 13, 11.5], "texture": "#0"},
				"south": {"uv": [3, 14.5, 3.5, 15], "texture": "#0"},
				"west": {"uv": [11, 10, 14, 10.5], "texture": "#0"},
				"up": {"uv": [2.5, 14.5, 2, 11.5], "texture": "#0"},
				"down": {"uv": [3, 11.5, 2.5, 14.5], "texture": "#0"}
			}
		},
		{
			"from": [7.5, -4, 11],
			"to": [8.5, 0, 12],
			"faces": {
				"north": {"uv": [11, 12.5, 11.5, 14.5], "texture": "#0"},
				"east": {"uv": [11.5, 12.5, 12, 14.5], "texture": "#0"},
				"south": {"uv": [12, 12.5, 12.5, 14.5], "texture": "#0"},
				"west": {"uv": [12.5, 12.5, 13, 14.5], "texture": "#0"},
				"up": {"uv": [15, 3.5, 14.5, 3], "texture": "#0"},
				"down": {"uv": [4, 14.5, 3.5, 15], "texture": "#0"}
			}
		},
		{
			"from": [7, 2.25, 7],
			"to": [9, 2.75, 9],
			"faces": {
				"north": {"uv": [13, 13, 14, 13.5], "texture": "#0"},
				"east": {"uv": [4, 13.5, 5, 14], "texture": "#0"},
				"south": {"uv": [5, 13.5, 6, 14], "texture": "#0"},
				"west": {"uv": [13.5, 6, 14.5, 6.5], "texture": "#0"},
				"up": {"uv": [14, 3, 13, 2], "texture": "#0"},
				"down": {"uv": [14, 3, 13, 4], "texture": "#0"}
			}
		},
		{
			"from": [7.25, -0.25, 3.75],
			"to": [8.75, 0, 5.25],
			"faces": {
				"north": {"uv": [9, 12.5, 9.75, 12.625], "texture": "#0"},
				"east": {"uv": [9, 12.5, 9.75, 12.625], "texture": "#0"},
				"south": {"uv": [9, 12.5, 9.75, 12.625], "texture": "#0"},
				"west": {"uv": [9, 12.5, 9.75, 12.625], "texture": "#0"},
				"up": {"uv": [9, 12.5, 9.75, 13.25], "texture": "#0"},
				"down": {"uv": [9, 12.5, 9.75, 13.25], "texture": "#0"}
			}
		},
		{
			"from": [7.25, -0.25, 10.75],
			"to": [8.75, 0, 12.25],
			"faces": {
				"north": {"uv": [9, 12.5, 9.75, 12.625], "texture": "#0"},
				"east": {"uv": [9, 12.5, 9.75, 12.625], "texture": "#0"},
				"south": {"uv": [9, 12.5, 9.75, 12.625], "texture": "#0"},
				"west": {"uv": [9, 12.5, 9.75, 12.625], "texture": "#0"},
				"up": {"uv": [9, 12.5, 9.75, 13.25], "texture": "#0"},
				"down": {"uv": [9, 12.5, 9.75, 13.25], "texture": "#0"}
			}
		}
	],
	"display": {
		"thirdperson_righthand": {
			"rotation": [-91.66, -0.71, -89.31],
			"translation": [7.5, -2, 1],
			"scale": [0.66602, 0.66602, 0.66602]
		},
		"thirdperson_lefthand": {
			"rotation": [-91.66, -0.71, -89.31],
			"translation": [7.5, -2, 1],
			"scale": [0.66602, 0.66602, 0.66602]
		},
		"firstperson_righthand": {
			"rotation": [-90.16, -4, 0.02],
			"translation": [3.5, -1, -7.25]
		},
		"firstperson_lefthand": {
			"rotation": [-90.16, -4, 0.02],
			"translation": [3.5, -1, -7.25]
		},
		"ground": {
			"rotation": [3.5, 2.37, -88.72],
			"translation": [7, 5, 0]
		},
		"gui": {
			"rotation": [90, 0, 0]
		},
		"fixed": {
			"rotation": [-90, 0, 0],
			"translation": [0, 0, -9]
		}
	}
}