{
	"credit": "Made with Blockbench",
	"texture_size": [32, 32],
	"textures": {
		"0": "item/phaseshift/phaseshift",
		"particle": "item/phaseshift/phaseshift"
	},
	"elements": [
		{
			"from": [4, 0, 4],
			"to": [12, 1.4, 12],
			"faces": {
				"north": {"uv": [6, 7, 10, 7.5], "texture": "#0"},
				"east": {"uv": [7, 6, 11, 6.5], "texture": "#0"},
				"south": {"uv": [7, 6.5, 11, 7], "texture": "#0"},
				"west": {"uv": [6, 7.5, 10, 8], "texture": "#0"},
				"up": {"uv": [4, 4, 0, 0], "texture": "#0"},
				"down": {"uv": [4, 4, 0, 8], "texture": "#0"}
			}
		},
		{
			"from": [-0.5, 0, 5.9],
			"to": [1.5, 1, 6.9],
			"rotation": {"angle": 45, "axis": "y", "origin": [0.5, 0, 1.9]},
			"faces": {
				"north": {"uv": [10, 7.5, 11, 8], "texture": "#0"},
				"east": {"uv": [11.5, 0.5, 12, 1], "texture": "#0"},
				"south": {"uv": [9.5, 10, 10.5, 10.5], "texture": "#0"},
				"west": {"uv": [1, 11.5, 1.5, 12], "texture": "#0"},
				"up": {"uv": [5, 11, 4, 10.5], "texture": "#0"},
				"down": {"uv": [8, 10.5, 7, 11], "texture": "#0"}
			}
		},
		{
			"from": [11.4, 0, 5.5],
			"to": [13.4, 1, 10.6],
			"rotation": {"angle": 0, "axis": "y", "origin": [11.4, 0, 5.5]},
			"faces": {
				"north": {"uv": [11, 6, 12, 6.5], "texture": "#0"},
				"east": {"uv": [8.5, 4, 11, 4.5], "texture": "#0"},
				"south": {"uv": [11, 6.5, 12, 7], "texture": "#0"},
				"west": {"uv": [6.5, 8.5, 9, 9], "texture": "#0"},
				"up": {"uv": [5, 9.5, 4, 7], "texture": "#0"},
				"down": {"uv": [6, 7, 5, 9.5], "texture": "#0"}
			}
		},
		{
			"from": [14.5, 0, 9.1],
			"to": [16.5, 1, 10.1],
			"rotation": {"angle": 45, "axis": "y", "origin": [15.5, 0, 14.1]},
			"faces": {
				"north": {"uv": [11, 4, 12, 4.5], "texture": "#0"},
				"east": {"uv": [11.5, 2, 12, 2.5], "texture": "#0"},
				"south": {"uv": [11, 4.5, 12, 5], "texture": "#0"},
				"west": {"uv": [2.5, 11.5, 3, 12], "texture": "#0"},
				"up": {"uv": [12, 5.5, 11, 5], "texture": "#0"},
				"down": {"uv": [12, 5.5, 11, 6], "texture": "#0"}
			}
		},
		{
			"from": [13.1, 0, 7.3],
			"to": [14.1, 1, 9.3],
			"rotation": {"angle": 45, "axis": "y", "origin": [9.1, 0, 8.3]},
			"faces": {
				"north": {"uv": [11.5, 1.5, 12, 2], "texture": "#0"},
				"east": {"uv": [3.5, 11, 4.5, 11.5], "texture": "#0"},
				"south": {"uv": [2, 11.5, 2.5, 12], "texture": "#0"},
				"west": {"uv": [11, 3.5, 12, 4], "texture": "#0"},
				"up": {"uv": [5.5, 11.5, 5, 10.5], "texture": "#0"},
				"down": {"uv": [8.5, 10.5, 8, 11.5], "texture": "#0"}
			}
		},
		{
			"from": [5.9, 0, 11.7],
			"to": [7.9, 1, 12.7],
			"rotation": {"angle": -45, "axis": "y", "origin": [6.9, 0, 7.7]},
			"faces": {
				"north": {"uv": [10.5, 9, 11.5, 9.5], "texture": "#0"},
				"east": {"uv": [11.5, 1, 12, 1.5], "texture": "#0"},
				"south": {"uv": [9.5, 10.5, 10.5, 11], "texture": "#0"},
				"west": {"uv": [1.5, 11.5, 2, 12], "texture": "#0"},
				"up": {"uv": [11.5, 10, 10.5, 9.5], "texture": "#0"},
				"down": {"uv": [11.5, 10, 10.5, 10.5], "texture": "#0"}
			}
		},
		{
			"from": [2.6, 0, 5.4],
			"to": [4.6, 1, 10.5],
			"rotation": {"angle": 0, "axis": "y", "origin": [2.6, 0, 5.4]},
			"faces": {
				"north": {"uv": [10.5, 10.5, 11.5, 11], "texture": "#0"},
				"east": {"uv": [8.5, 3, 11, 3.5], "texture": "#0"},
				"south": {"uv": [11, 3, 12, 3.5], "texture": "#0"},
				"west": {"uv": [8.5, 3.5, 11, 4], "texture": "#0"},
				"up": {"uv": [8, 3.5, 7, 1], "texture": "#0"},
				"down": {"uv": [8, 3.5, 7, 6], "texture": "#0"}
			}
		},
		{
			"from": [10, 1, 5.05],
			"to": [11, 2, 6.05],
			"rotation": {"angle": 0, "axis": "y", "origin": [10, 1, 5.05]},
			"faces": {
				"north": {"uv": [11.5, 2.5, 12, 3], "texture": "#0"},
				"east": {"uv": [3, 11.5, 3.5, 12], "texture": "#0"},
				"south": {"uv": [3.5, 11.5, 4, 12], "texture": "#0"},
				"west": {"uv": [4, 11.5, 4.5, 12], "texture": "#0"},
				"up": {"uv": [5.5, 12, 5, 11.5], "texture": "#0"},
				"down": {"uv": [6, 11.5, 5.5, 12], "texture": "#0"}
			}
		},
		{
			"from": [5, 1, 5.05],
			"to": [6, 2, 6.05],
			"rotation": {"angle": 0, "axis": "y", "origin": [5, 1, 5.05]},
			"faces": {
				"north": {"uv": [6, 11.5, 6.5, 12], "texture": "#0"},
				"east": {"uv": [6.5, 11.5, 7, 12], "texture": "#0"},
				"south": {"uv": [7, 11.5, 7.5, 12], "texture": "#0"},
				"west": {"uv": [11.5, 7, 12, 7.5], "texture": "#0"},
				"up": {"uv": [8, 12, 7.5, 11.5], "texture": "#0"},
				"down": {"uv": [8.5, 11.5, 8, 12], "texture": "#0"}
			}
		},
		{
			"from": [10, 1, 10.05],
			"to": [11, 2, 11.05],
			"rotation": {"angle": 0, "axis": "y", "origin": [10, 1, 10.05]},
			"faces": {
				"north": {"uv": [8.5, 11.5, 9, 12], "texture": "#0"},
				"east": {"uv": [9, 11.5, 9.5, 12], "texture": "#0"},
				"south": {"uv": [11.5, 9, 12, 9.5], "texture": "#0"},
				"west": {"uv": [11.5, 9.5, 12, 10], "texture": "#0"},
				"up": {"uv": [10.5, 12, 10, 11.5], "texture": "#0"},
				"down": {"uv": [12, 10, 11.5, 10.5], "texture": "#0"}
			}
		},
		{
			"from": [5, 1, 10.05],
			"to": [6, 2, 11.05],
			"rotation": {"angle": 0, "axis": "y", "origin": [5, 1, 10.05]},
			"faces": {
				"north": {"uv": [10.5, 11.5, 11, 12], "texture": "#0"},
				"east": {"uv": [11.5, 10.5, 12, 11], "texture": "#0"},
				"south": {"uv": [11, 11.5, 11.5, 12], "texture": "#0"},
				"west": {"uv": [11.5, 11.5, 12, 12], "texture": "#0"},
				"up": {"uv": [12.5, 0.5, 12, 0], "texture": "#0"},
				"down": {"uv": [12.5, 0.5, 12, 1], "texture": "#0"}
			}
		},
		{
			"from": [4.9, 0.8, 4.9],
			"to": [11.1, 1.8, 11.1],
			"rotation": {"angle": 0, "axis": "y", "origin": [7, 0.8, 7]},
			"faces": {
				"north": {"uv": [8, 4.5, 11, 5], "texture": "#0"},
				"east": {"uv": [8, 5, 11, 5.5], "texture": "#0"},
				"south": {"uv": [8, 5.5, 11, 6], "texture": "#0"},
				"west": {"uv": [6, 8, 9, 8.5], "texture": "#0"},
				"up": {"uv": [7, 3, 4, 0], "texture": "#0"},
				"down": {"uv": [7, 3, 4, 6], "texture": "#0"}
			}
		},
		{
			"from": [5.2, 1.4, 7],
			"to": [10.8, 2.4, 9],
			"rotation": {"angle": 0, "axis": "y", "origin": [7, 1.4, 7]},
			"faces": {
				"north": {"uv": [8.5, 1, 11.5, 1.5], "texture": "#0"},
				"east": {"uv": [7, 11, 8, 11.5], "texture": "#0"},
				"south": {"uv": [8.5, 1.5, 11.5, 2], "texture": "#0"},
				"west": {"uv": [11, 7.5, 12, 8], "texture": "#0"},
				"up": {"uv": [7, 7, 4, 6], "texture": "#0"},
				"down": {"uv": [10, 0, 7, 1], "texture": "#0"}
			}
		},
		{
			"from": [5, 1.8, 6.75],
			"to": [6, 2.5, 9.25],
			"rotation": {"angle": 0, "axis": "y", "origin": [5, 1.8, 7]},
			"faces": {
				"north": {"uv": [1, 12, 1.5, 12.5], "texture": "#0"},
				"east": {"uv": [10, 0.5, 11.5, 1], "texture": "#0"},
				"south": {"uv": [12, 1, 12.5, 1.5], "texture": "#0"},
				"west": {"uv": [4, 10, 5.5, 10.5], "texture": "#0"},
				"up": {"uv": [6, 11.5, 5.5, 10], "texture": "#0"},
				"down": {"uv": [7, 10, 6.5, 11.5], "texture": "#0"}
			}
		},
		{
			"from": [10, 1.8, 6.75],
			"to": [11, 2.5, 9.25],
			"rotation": {"angle": 0, "axis": "y", "origin": [10, 1.8, 7]},
			"faces": {
				"north": {"uv": [1.5, 12, 2, 12.5], "texture": "#0"},
				"east": {"uv": [7, 10, 8.5, 10.5], "texture": "#0"},
				"south": {"uv": [12, 1.5, 12.5, 2], "texture": "#0"},
				"west": {"uv": [10, 7, 11.5, 7.5], "texture": "#0"},
				"up": {"uv": [9, 11.5, 8.5, 10], "texture": "#0"},
				"down": {"uv": [9.5, 10, 9, 11.5], "texture": "#0"}
			}
		}
	],
	"display": {
		"thirdperson_righthand": {
			"rotation": [0, 90, 0],
			"translation": [-0.25, 2, 1.75],
			"scale": [0.27344, 0.27344, 0.27344]
		},
		"thirdperson_lefthand": {
			"rotation": [0, 90, 0],
			"translation": [-0.5, 2, 1.5],
			"scale": [0.23828, 0.23828, 0.23828]
		},
		"firstperson_righthand": {
			"translation": [0.75, 5.75, -0.75],
			"scale": [0.64453, 0.64453, 0.64453]
		},
		"firstperson_lefthand": {
			"rotation": [-7.5, 0, 19.25],
			"translation": [-1.5, 8.25, 0]
		},
		"ground": {
			"translation": [0, -11.25, 0],
			"scale": [0.27148, 0.27148, 0.27148]
		},
		"gui": {
			"rotation": [-148.65, 41.67, -179.32],
			"translation": [0, 7.75, 0],
			"scale": [1.23242, 1.23242, 1.23242]
		},
		"head": {
			"translation": [1, 14, 0]
		},
		"fixed": {
			"rotation": [-90, 0, 0],
			"translation": [0, -0.25, -8]
		}
	}
}