{
	"credit": "Made with Blockbench",
	"texture_size": [32, 32],
	"textures": {
		"0": "item/golden_chicken/golden_chicken",
		"particle": "item/golden_chicken/golden_chicken"
	},
	"elements": [
		{
			"from": [5, 0, 8],
			"to": [11, 0, 10],
			"faces": {
				"north": {"uv": [0, 0, 3, 0], "texture": "#0"},
				"east": {"uv": [0, 0, 1, 0], "texture": "#0"},
				"south": {"uv": [0, 0, 3, 0], "texture": "#0"},
				"west": {"uv": [0, 0, 1, 0], "texture": "#0"},
				"up": {"uv": [0, 0, 3, 1], "texture": "#0"},
				"down": {"uv": [0, 0, 3, 1], "texture": "#0"}
			}
		},
		{
			"from": [6, 0, 7],
			"to": [7, 0, 8],
			"faces": {
				"north": {"uv": [0, 0, 0.5, 0], "texture": "#0"},
				"east": {"uv": [0, 0, 0.5, 0], "texture": "#0"},
				"south": {"uv": [0, 0, 0.5, 0], "texture": "#0"},
				"west": {"uv": [0, 0, 0.5, 0], "texture": "#0"},
				"up": {"uv": [0, 0, 0.5, 0.5], "texture": "#0"},
				"down": {"uv": [0, 0, 0.5, 0.5], "texture": "#0"}
			}
		},
		{
			"from": [9, 0, 7],
			"to": [10, 0, 8],
			"faces": {
				"north": {"uv": [0, 0, 0.5, 0], "texture": "#0"},
				"east": {"uv": [0, 0, 0.5, 0], "texture": "#0"},
				"south": {"uv": [0, 0, 0.5, 0], "texture": "#0"},
				"west": {"uv": [0, 0, 0.5, 0], "texture": "#0"},
				"up": {"uv": [0, 0, 0.5, 0.5], "texture": "#0"},
				"down": {"uv": [0, 0, 0.5, 0.5], "texture": "#0"}
			}
		},
		{
			"from": [9, 0, 10],
			"to": [10, 5, 10],
			"faces": {
				"north": {"uv": [0, 0, 0.5, 2.5], "texture": "#0"},
				"east": {"uv": [0, 0, 0, 2.5], "texture": "#0"},
				"south": {"uv": [0, 0, 0.5, 2.5], "texture": "#0"},
				"west": {"uv": [0, 0, 0, 2.5], "texture": "#0"},
				"up": {"uv": [0, 0, 0.5, 0], "texture": "#0"},
				"down": {"uv": [0, 0, 0.5, 0], "texture": "#0"}
			}
		},
		{
			"from": [6, 0, 10],
			"to": [7, 5, 10],
			"faces": {
				"north": {"uv": [0, 0, 0.5, 2.5], "texture": "#0"},
				"east": {"uv": [0, 0, 0, 2.5], "texture": "#0"},
				"south": {"uv": [0, 0, 0.5, 2.5], "texture": "#0"},
				"west": {"uv": [0, 0, 0, 2.5], "texture": "#0"},
				"up": {"uv": [0, 0, 0.5, 0], "texture": "#0"},
				"down": {"uv": [0, 0, 0.5, 0], "texture": "#0"}
			}
		},
		{
			"from": [5, 5, 6],
			"to": [11, 11, 14],
			"faces": {
				"north": {"uv": [0, 6, 3, 9], "texture": "#0"},
				"east": {"uv": [0, 0, 4, 3], "texture": "#0"},
				"south": {"uv": [7, 0, 10, 3], "texture": "#0"},
				"west": {"uv": [0, 3, 4, 6], "texture": "#0"},
				"up": {"uv": [7, 4, 4, 0], "texture": "#0"},
				"down": {"uv": [7, 4, 4, 8], "texture": "#0"}
			}
		},
		{
			"from": [11, 7, 7],
			"to": [12, 11, 13],
			"faces": {
				"north": {"uv": [3, 6, 3.5, 8], "texture": "#0"},
				"east": {"uv": [7, 3, 10, 5], "texture": "#0"},
				"south": {"uv": [3.5, 6, 4, 8], "texture": "#0"},
				"west": {"uv": [7, 5, 10, 7], "texture": "#0"},
				"up": {"uv": [4.5, 13, 4, 10], "texture": "#0"},
				"down": {"uv": [10.5, 4, 10, 7], "texture": "#0"}
			}
		},
		{
			"from": [4, 7, 7],
			"to": [5, 11, 13],
			"faces": {
				"north": {"uv": [5.5, 10, 6, 12], "texture": "#0"},
				"east": {"uv": [7, 7, 10, 9], "texture": "#0"},
				"south": {"uv": [10, 7, 10.5, 9], "texture": "#0"},
				"west": {"uv": [3, 8, 6, 10], "texture": "#0"},
				"up": {"uv": [5, 13, 4.5, 10], "texture": "#0"},
				"down": {"uv": [5.5, 10, 5, 13], "texture": "#0"}
			}
		},
		{
			"from": [6, 9, 5],
			"to": [10, 15, 8],
			"faces": {
				"north": {"uv": [0, 9, 2, 12], "texture": "#0"},
				"east": {"uv": [8, 9, 9.5, 12], "texture": "#0"},
				"south": {"uv": [6, 9, 8, 12], "texture": "#0"},
				"west": {"uv": [9.5, 9, 11, 12], "texture": "#0"},
				"up": {"uv": [12, 1.5, 10, 0], "texture": "#0"},
				"down": {"uv": [12, 1.5, 10, 3], "texture": "#0"}
			}
		},
		{
			"from": [6, 11, 4],
			"to": [10, 13, 5],
			"faces": {
				"north": {"uv": [2, 10, 4, 11], "texture": "#0"},
				"east": {"uv": [10.5, 5, 11, 6], "texture": "#0"},
				"south": {"uv": [10, 3, 12, 4], "texture": "#0"},
				"west": {"uv": [10.5, 6, 11, 7], "texture": "#0"},
				"up": {"uv": [12.5, 4.5, 10.5, 4], "texture": "#0"},
				"down": {"uv": [12.5, 4.5, 10.5, 5], "texture": "#0"}
			}
		},
		{
			"from": [7, 9, 4],
			"to": [9, 11, 5],
			"faces": {
				"north": {"uv": [6, 8, 7, 9], "texture": "#0"},
				"east": {"uv": [10.5, 7, 11, 8], "texture": "#0"},
				"south": {"uv": [2, 9, 3, 10], "texture": "#0"},
				"west": {"uv": [10.5, 8, 11, 9], "texture": "#0"},
				"up": {"uv": [3, 11.5, 2, 11], "texture": "#0"},
				"down": {"uv": [4, 11, 3, 11.5], "texture": "#0"}
			}
		}
	],
	"gui_light": "front",
	"display": {
		"thirdperson_righthand": {
			"translation": [0, -0.75, -1.75],
			"scale": [0.34375, 0.34375, 0.34375]
		},
		"thirdperson_lefthand": {
			"translation": [0, -0.75, -1.75],
			"scale": [0.34375, 0.34375, 0.34375]
		},
		"firstperson_righthand": {
			"rotation": [-180, 0, -180],
			"translation": [-9, 7.25, 0],
			"scale": [0.52344, 0.52344, 0.52344]
		},
		"firstperson_lefthand": {
			"rotation": [-180, 45.5, 180],
			"translation": [8.75, 0, -7]
		},
		"ground": {
			"translation": [0, 5.25, 0]
		},
		"gui": {
			"rotation": [-154.25, -37.75, 180],
			"translation": [1, 0.5, 0]
		},
		"head": {
			"translation": [0, 0.25, -4.75],
			"scale": [2.14453, 2.14453, 2.14453]
		},
		"fixed": {
			"rotation": [-180, 90, -180]
		}
	}
}