{
	"credit": "Made with Blockbench",
	"texture_size": [32, 32],
	"textures": {
		"0": "item/custombow/custom_bow_pulling_0",
		"particle": "item/custombow/custom_bow_pulling_0"
	},
	"elements": [
		{
			"from": [7, 4, 4],
			"to": [9, 8, 14],
			"faces": {
				"north": {"uv": [3, 5.5, 4, 7.5], "texture": "#0"},
				"east": {"uv": [0, 0, 5, 2], "texture": "#0"},
				"south": {"uv": [4, 5.5, 5, 7.5], "texture": "#0"},
				"west": {"uv": [0, 2, 5, 4], "texture": "#0"},
				"up": {"uv": [1, 9, 0, 4], "texture": "#0"},
				"down": {"uv": [2, 4, 1, 9], "texture": "#0"}
			}
		},
		{
			"from": [7.5, 0, 13],
			"to": [8.5, 5.5, 15.1],
			"rotation": {"angle": -22.5, "axis": "x", "origin": [8, 0, 13]},
			"faces": {
				"north": {"uv": [6, 6.5, 6.5, 9.5], "texture": "#0"},
				"east": {"uv": [5, 0, 6, 3], "texture": "#0"},
				"south": {"uv": [6.5, 6.5, 7, 9.5], "texture": "#0"},
				"west": {"uv": [2, 5.5, 3, 8.5], "texture": "#0"},
				"up": {"uv": [8.5, 2, 8, 1], "texture": "#0"},
				"down": {"uv": [9, 1, 8.5, 2], "texture": "#0"}
			}
		},
		{
			"from": [7.4, 0, 9.2],
			"to": [8.6, 0.8, 15],
			"faces": {
				"north": {"uv": [8.5, 7, 9, 7.5], "texture": "#0"},
				"east": {"uv": [6, 2, 9, 2.5], "texture": "#0"},
				"south": {"uv": [8.5, 7.5, 9, 8], "texture": "#0"},
				"west": {"uv": [6, 2.5, 9, 3], "texture": "#0"},
				"up": {"uv": [7.5, 6, 7, 3], "texture": "#0"},
				"down": {"uv": [7.5, 6, 7, 9], "texture": "#0"}
			}
		},
		{
			"from": [7.4, 0, 8.7],
			"to": [8.6, 4.8, 9.2],
			"faces": {
				"north": {"uv": [3, 7.5, 3.5, 10], "texture": "#0"},
				"east": {"uv": [7.5, 3, 8, 5.5], "texture": "#0"},
				"south": {"uv": [3.5, 7.5, 4, 10], "texture": "#0"},
				"west": {"uv": [4, 7.5, 4.5, 10], "texture": "#0"},
				"up": {"uv": [8.5, 9, 8, 8.5], "texture": "#0"},
				"down": {"uv": [9, 8, 8.5, 8.5], "texture": "#0"}
			}
		},
		{
			"from": [7.5, 4.72493, 13.01711],
			"to": [8.5, 7.12493, 14.01711],
			"rotation": {"angle": 22.5, "axis": "x", "origin": [8, 4.9, 13.9]},
			"faces": {
				"north": {"uv": [2, 8.5, 2.5, 9.5], "texture": "#0"},
				"east": {"uv": [2.5, 8.5, 3, 9.5], "texture": "#0"},
				"south": {"uv": [8.5, 3, 9, 4], "texture": "#0"},
				"west": {"uv": [8.5, 4, 9, 5], "texture": "#0"},
				"up": {"uv": [9, 9, 8.5, 8.5], "texture": "#0"},
				"down": {"uv": [0.5, 9, 0, 9.5], "texture": "#0"}
			}
		},
		{
			"from": [6.5, 4.8, 7.2],
			"to": [7.2, 7.3, 12.4],
			"rotation": {"angle": 0, "axis": "y", "origin": [6.5, 6.2, 8.7]},
			"faces": {
				"north": {"uv": [8, 7, 8.5, 8.5], "texture": "#0"},
				"east": {"uv": [2, 4, 4.5, 5.5], "texture": "#0"},
				"south": {"uv": [7.5, 8, 8, 9.5], "texture": "#0"},
				"west": {"uv": [4.5, 4, 7, 5.5], "texture": "#0"},
				"up": {"uv": [5, 10, 4.5, 7.5], "texture": "#0"},
				"down": {"uv": [8, 5.5, 7.5, 8], "texture": "#0"}
			}
		},
		{
			"from": [7.1, 5.4, 0.5],
			"to": [8.9, 7.8, 4],
			"rotation": {"angle": 0, "axis": "y", "origin": [7.5, 6.8, 2.9]},
			"faces": {
				"north": {"uv": [7, 0, 8, 1], "texture": "#0"},
				"east": {"uv": [5, 3, 7, 4], "texture": "#0"},
				"south": {"uv": [7, 1, 8, 2], "texture": "#0"},
				"west": {"uv": [5, 5.5, 7, 6.5], "texture": "#0"},
				"up": {"uv": [7, 2, 6, 0], "texture": "#0"},
				"down": {"uv": [6, 6.5, 5, 8.5], "texture": "#0"}
			}
		},
		{
			"from": [7.5, 5.3, 0.6],
			"to": [8.5, 5.8, 4.2],
			"rotation": {"angle": 22.5, "axis": "x", "origin": [7.5, 5.3, 1]},
			"faces": {
				"north": {"uv": [0.5, 9, 1, 9.5], "texture": "#0"},
				"east": {"uv": [8, 0, 10, 0.5], "texture": "#0"},
				"south": {"uv": [1, 9, 1.5, 9.5], "texture": "#0"},
				"west": {"uv": [8, 0.5, 10, 1], "texture": "#0"},
				"up": {"uv": [8.5, 5, 8, 3], "texture": "#0"},
				"down": {"uv": [8.5, 5, 8, 7], "texture": "#0"}
			}
		},
		{
			"from": [7.7, 3.4, 10.5],
			"to": [8.3, 4.6, 10.8],
			"rotation": {"angle": 22.5, "axis": "x", "origin": [7.5, 3.6, 9.8]},
			"faces": {
				"north": {"uv": [9, 1, 9.5, 1.5], "texture": "#0"},
				"east": {"uv": [1.5, 9, 2, 9.5], "texture": "#0"},
				"south": {"uv": [9, 1.5, 9.5, 2], "texture": "#0"},
				"west": {"uv": [9, 2, 9.5, 2.5], "texture": "#0"},
				"up": {"uv": [9.5, 3, 9, 2.5], "texture": "#0"},
				"down": {"uv": [9.5, 3, 9, 3.5], "texture": "#0"}
			}
		},
		{
			"from": [7.5, 5.8, 0.4],
			"to": [8.5, 7.5, 1.4],
			"rotation": {"angle": 0, "axis": "y", "origin": [7.5, 6.5, 0.4]},
			"faces": {
				"north": {"uv": [5, 8.5, 5.5, 9.5], "texture": "#0"},
				"east": {"uv": [8.5, 5, 9, 6], "texture": "#0"},
				"south": {"uv": [5.5, 8.5, 6, 9.5], "texture": "#0"},
				"west": {"uv": [8.5, 6, 9, 7], "texture": "#0"},
				"up": {"uv": [9.5, 4, 9, 3.5], "texture": "#0"},
				"down": {"uv": [9.5, 4, 9, 4.5], "texture": "#0"}
			}
		}
	],
	"display": {
		"thirdperson_righthand": {
			"translation": [0, 2.5, -2],
			"scale": [0.85938, 0.85938, 0.85938]
		},
		"thirdperson_lefthand": {
			"translation": [0, 3, -2],
			"scale": [0.90039, 0.90039, 0.90039]
		},
		"firstperson_righthand": {
			"rotation": [22.52, 8.49, 9.37],
			"translation": [0, 5.75, -5.25]
		},
		"firstperson_lefthand": {
			"translation": [-4, 6, 0],
			"scale": [0.88281, 0.88281, 0.88281]
		},
		"ground": {
			"translation": [0, 5.25, 0]
		},
		"gui": {
			"rotation": [-166.27, 72.36, 176.02],
			"translation": [0, 3.25, 0]
		},
		"fixed": {
			"rotation": [0, -90, 0],
			"translation": [0, 3.25, -1]
		}
	}
}