{
	"credit": "Made with Blockbench",
	"texture_size": [32, 32],
	"textures": {
		"0": "item/skull_key/skull_key",
		"particle": "item/skull_key/skull_key"
	},
	"elements": [
		{
			"from": [9, 0.25, 4],
			"to": [9.5, 1.25, 12],
			"rotation": {"angle": 0, "axis": "y", "origin": [8, 0.25, 11]},
			"faces": {
				"north": {"uv": [7, 3.5, 7.5, 4], "texture": "#0"},
				"east": {"uv": [1, 4, 5, 4.5], "texture": "#0"},
				"south": {"uv": [7.5, 2.5, 8, 3], "texture": "#0"},
				"west": {"uv": [4, 3, 8, 3.5], "texture": "#0"},
				"up": {"uv": [1.5, 8.5, 1, 4.5], "texture": "#0"},
				"down": {"uv": [2, 4.5, 1.5, 8.5], "texture": "#0"}
			}
		},
		{
			"from": [7.5, 0.25, 4],
			"to": [8, 1.25, 12],
			"rotation": {"angle": 0, "axis": "y", "origin": [6.5, 0.25, 11]},
			"faces": {
				"north": {"uv": [6.5, 3.5, 7, 4], "texture": "#0"},
				"east": {"uv": [0, 3, 4, 3.5], "texture": "#0"},
				"south": {"uv": [7, 2.5, 7.5, 3], "texture": "#0"},
				"west": {"uv": [0, 3.5, 4, 4], "texture": "#0"},
				"up": {"uv": [0.5, 8, 0, 4], "texture": "#0"},
				"down": {"uv": [1, 4, 0.5, 8], "texture": "#0"}
			}
		},
		{
			"from": [8, 0.5, 4],
			"to": [9, 1, 6],
			"rotation": {"angle": 0, "axis": "y", "origin": [8, 0.25, 5]},
			"faces": {
				"north": {"uv": [4, 8, 4.5, 8.5], "texture": "#0"},
				"east": {"uv": [6, 1.5, 7, 2], "texture": "#0"},
				"south": {"uv": [8, 4, 8.5, 4.5], "texture": "#0"},
				"west": {"uv": [6, 2, 7, 2.5], "texture": "#0"},
				"up": {"uv": [4.5, 7, 4, 6], "texture": "#0"},
				"down": {"uv": [5, 6, 4.5, 7], "texture": "#0"}
			}
		},
		{
			"from": [8, 0.5, 10],
			"to": [9, 1, 12],
			"rotation": {"angle": 0, "axis": "y", "origin": [8, 0.25, 11]},
			"faces": {
				"north": {"uv": [4.5, 8, 5, 8.5], "texture": "#0"},
				"east": {"uv": [5, 6, 6, 6.5], "texture": "#0"},
				"south": {"uv": [8, 4.5, 8.5, 5], "texture": "#0"},
				"west": {"uv": [6, 5, 7, 5.5], "texture": "#0"},
				"up": {"uv": [6.5, 6.5, 6, 5.5], "texture": "#0"},
				"down": {"uv": [2.5, 6.5, 2, 7.5], "texture": "#0"}
			}
		},
		{
			"from": [7.4, 0.25, 1],
			"to": [9.6, 1.25, 4],
			"rotation": {"angle": 0, "axis": "y", "origin": [8, 0.25, 3]},
			"faces": {
				"north": {"uv": [6, 2.5, 7, 3], "texture": "#0"},
				"east": {"uv": [6, 0.5, 7.5, 1], "texture": "#0"},
				"south": {"uv": [6, 4.5, 7, 5], "texture": "#0"},
				"west": {"uv": [6, 1, 7.5, 1.5], "texture": "#0"},
				"up": {"uv": [6, 1.5, 5, 0], "texture": "#0"},
				"down": {"uv": [6, 1.5, 5, 3], "texture": "#0"}
			}
		},
		{
			"from": [9.5, 0.55, 3.05],
			"to": [10.5, 0.95, 3.75],
			"rotation": {"angle": 0, "axis": "y", "origin": [9.5, 0.25, 2.75]},
			"faces": {
				"north": {"uv": [8, 5, 8.5, 5.5], "texture": "#0"},
				"east": {"uv": [8, 5.5, 8.5, 6], "texture": "#0"},
				"south": {"uv": [8, 6, 8.5, 6.5], "texture": "#0"},
				"west": {"uv": [8, 6.5, 8.5, 7], "texture": "#0"},
				"up": {"uv": [8.5, 7.5, 8, 7], "texture": "#0"},
				"down": {"uv": [8.5, 7.5, 8, 8], "texture": "#0"}
			}
		},
		{
			"from": [9.5, 0.55, 2.15],
			"to": [10.25, 0.95, 2.85],
			"rotation": {"angle": 0, "axis": "y", "origin": [9.5, 0.25, 1.85]},
			"faces": {
				"north": {"uv": [8, 8, 8.5, 8.5], "texture": "#0"},
				"east": {"uv": [8.5, 0, 9, 0.5], "texture": "#0"},
				"south": {"uv": [8.5, 0.5, 9, 1], "texture": "#0"},
				"west": {"uv": [1, 8.5, 1.5, 9], "texture": "#0"},
				"up": {"uv": [9, 1.5, 8.5, 1], "texture": "#0"},
				"down": {"uv": [2, 8.5, 1.5, 9], "texture": "#0"}
			}
		},
		{
			"from": [9.5, 0.55, 1.25],
			"to": [10.5, 0.95, 1.95],
			"rotation": {"angle": 0, "axis": "y", "origin": [9.5, 0.25, 0.95]},
			"faces": {
				"north": {"uv": [8.5, 1.5, 9, 2], "texture": "#0"},
				"east": {"uv": [2, 8.5, 2.5, 9], "texture": "#0"},
				"south": {"uv": [8.5, 2, 9, 2.5], "texture": "#0"},
				"west": {"uv": [2.5, 8.5, 3, 9], "texture": "#0"},
				"up": {"uv": [9, 3, 8.5, 2.5], "texture": "#0"},
				"down": {"uv": [3.5, 8.5, 3, 9], "texture": "#0"}
			}
		},
		{
			"from": [6, 0, 12],
			"to": [11, 1.75, 14],
			"rotation": {"angle": 0, "axis": "y", "origin": [6, 0, 12]},
			"faces": {
				"north": {"uv": [0, 0, 2.5, 1], "texture": "#0"},
				"east": {"uv": [2, 5.5, 3, 6.5], "texture": "#0"},
				"south": {"uv": [0, 1, 2.5, 2], "texture": "#0"},
				"west": {"uv": [3, 5.5, 4, 6.5], "texture": "#0"},
				"up": {"uv": [2.5, 3, 0, 2], "texture": "#0"},
				"down": {"uv": [5, 0, 2.5, 1], "texture": "#0"}
			}
		},
		{
			"from": [6, 0, 14],
			"to": [7, 1.75, 15],
			"rotation": {"angle": 0, "axis": "y", "origin": [6, 0, 14]},
			"faces": {
				"north": {"uv": [2.5, 6.5, 3, 7.5], "texture": "#0"},
				"east": {"uv": [3, 6.5, 3.5, 7.5], "texture": "#0"},
				"south": {"uv": [3.5, 6.5, 4, 7.5], "texture": "#0"},
				"west": {"uv": [5, 6.5, 5.5, 7.5], "texture": "#0"},
				"up": {"uv": [9, 3.5, 8.5, 3], "texture": "#0"},
				"down": {"uv": [4, 8.5, 3.5, 9], "texture": "#0"}
			}
		},
		{
			"from": [10, 0, 14],
			"to": [11, 1.75, 15],
			"rotation": {"angle": 0, "axis": "y", "origin": [10, 0, 14]},
			"faces": {
				"north": {"uv": [5.5, 6.5, 6, 7.5], "texture": "#0"},
				"east": {"uv": [6.5, 5.5, 7, 6.5], "texture": "#0"},
				"south": {"uv": [6, 6.5, 6.5, 7.5], "texture": "#0"},
				"west": {"uv": [6.5, 6.5, 7, 7.5], "texture": "#0"},
				"up": {"uv": [9, 4, 8.5, 3.5], "texture": "#0"},
				"down": {"uv": [4.5, 8.5, 4, 9], "texture": "#0"}
			}
		},
		{
			"from": [8, 0, 14],
			"to": [9, 1.75, 15],
			"rotation": {"angle": 0, "axis": "y", "origin": [8, 0, 14]},
			"faces": {
				"north": {"uv": [7, 1.5, 7.5, 2.5], "texture": "#0"},
				"east": {"uv": [4, 7, 4.5, 8], "texture": "#0"},
				"south": {"uv": [4.5, 7, 5, 8], "texture": "#0"},
				"west": {"uv": [7, 4.5, 7.5, 5.5], "texture": "#0"},
				"up": {"uv": [9, 4.5, 8.5, 4], "texture": "#0"},
				"down": {"uv": [5, 8.5, 4.5, 9], "texture": "#0"}
			}
		},
		{
			"from": [6, 0, 15],
			"to": [11, 1.75, 16],
			"rotation": {"angle": 0, "axis": "y", "origin": [6, 0, 15]},
			"faces": {
				"north": {"uv": [2.5, 1, 5, 2], "texture": "#0"},
				"east": {"uv": [7, 5.5, 7.5, 6.5], "texture": "#0"},
				"south": {"uv": [2.5, 2, 5, 3], "texture": "#0"},
				"west": {"uv": [7, 6.5, 7.5, 7.5], "texture": "#0"},
				"up": {"uv": [6.5, 4, 4, 3.5], "texture": "#0"},
				"down": {"uv": [7.5, 4, 5, 4.5], "texture": "#0"}
			}
		},
		{
			"from": [9, 0.2, 11],
			"to": [10, 1.55, 12],
			"rotation": {"angle": 0, "axis": "y", "origin": [9, 0, 11]},
			"faces": {
				"north": {"uv": [7.5, 0.5, 8, 1.5], "texture": "#0"},
				"east": {"uv": [7.5, 1.5, 8, 2.5], "texture": "#0"},
				"south": {"uv": [2, 7.5, 2.5, 8.5], "texture": "#0"},
				"west": {"uv": [2.5, 7.5, 3, 8.5], "texture": "#0"},
				"up": {"uv": [9, 5, 8.5, 4.5], "texture": "#0"},
				"down": {"uv": [5.5, 8.5, 5, 9], "texture": "#0"}
			}
		},
		{
			"from": [7, 0.2, 11],
			"to": [8, 1.55, 12],
			"rotation": {"angle": 0, "axis": "y", "origin": [7, 0, 11]},
			"faces": {
				"north": {"uv": [3, 7.5, 3.5, 8.5], "texture": "#0"},
				"east": {"uv": [3.5, 7.5, 4, 8.5], "texture": "#0"},
				"south": {"uv": [7.5, 3.5, 8, 4.5], "texture": "#0"},
				"west": {"uv": [7.5, 4.5, 8, 5.5], "texture": "#0"},
				"up": {"uv": [9, 5.5, 8.5, 5], "texture": "#0"},
				"down": {"uv": [6, 8.5, 5.5, 9], "texture": "#0"}
			}
		},
		{
			"from": [6.25, 0, 16],
			"to": [10.5, 1.75, 16.5],
			"rotation": {"angle": 0, "axis": "y", "origin": [6, 0, 16]},
			"faces": {
				"north": {"uv": [2, 4.5, 4, 5.5], "texture": "#0"},
				"east": {"uv": [5, 7.5, 5.5, 8.5], "texture": "#0"},
				"south": {"uv": [4, 4.5, 6, 5.5], "texture": "#0"},
				"west": {"uv": [5.5, 7.5, 6, 8.5], "texture": "#0"},
				"up": {"uv": [6, 6, 4, 5.5], "texture": "#0"},
				"down": {"uv": [8, 0, 6, 0.5], "texture": "#0"}
			}
		},
		{
			"from": [8, 0.2, 11.75],
			"to": [9, 1.55, 12],
			"rotation": {"angle": 0, "axis": "y", "origin": [8, 0, 11]},
			"faces": {
				"north": {"uv": [7.5, 5.5, 8, 6.5], "texture": "#0"},
				"east": {"uv": [6, 7.5, 6.5, 8.5], "texture": "#0"},
				"south": {"uv": [6.5, 7.5, 7, 8.5], "texture": "#0"},
				"west": {"uv": [7.5, 6.5, 8, 7.5], "texture": "#0"},
				"up": {"uv": [9, 6, 8.5, 5.5], "texture": "#0"},
				"down": {"uv": [6.5, 8.5, 6, 9], "texture": "#0"}
			}
		},
		{
			"from": [6.3, 0.2, 11.75],
			"to": [7, 1.55, 12],
			"rotation": {"angle": 0, "axis": "y", "origin": [6, 0, 11]},
			"faces": {
				"north": {"uv": [7, 7.5, 7.5, 8.5], "texture": "#0"},
				"east": {"uv": [7.5, 7.5, 8, 8.5], "texture": "#0"},
				"south": {"uv": [0, 8, 0.5, 9], "texture": "#0"},
				"west": {"uv": [8, 0, 8.5, 1], "texture": "#0"},
				"up": {"uv": [9, 6.5, 8.5, 6], "texture": "#0"},
				"down": {"uv": [7, 8.5, 6.5, 9], "texture": "#0"}
			}
		},
		{
			"from": [10, 0.2, 11.75],
			"to": [10.7, 1.55, 12],
			"rotation": {"angle": 0, "axis": "y", "origin": [9.5, 0, 11]},
			"faces": {
				"north": {"uv": [0.5, 8, 1, 9], "texture": "#0"},
				"east": {"uv": [8, 1, 8.5, 2], "texture": "#0"},
				"south": {"uv": [8, 2, 8.5, 3], "texture": "#0"},
				"west": {"uv": [8, 3, 8.5, 4], "texture": "#0"},
				"up": {"uv": [9, 7, 8.5, 6.5], "texture": "#0"},
				"down": {"uv": [7.5, 8.5, 7, 9], "texture": "#0"}
			}
		}
	],
	"display": {},
	"groups": [
		0,
		1,
		2,
		3,
		4,
		5,
		6,
		7,
		{
			"name": "group",
			"origin": [6.5, 1, 6],
			"color": 0,
			"children": [8, 9, 10, 11, 12, 13, 14, 15, 16, 17, 18]
		}
	]
}