{
	"credit": "Made with Blockbench",
	"texture_size": [64, 64],
	"textures": {
		"1": "item/guns/rifle_back",
		"2": "item/guns/rifle_body",
		"particle": "item/guns/rifle_body"
	},
	"elements": [
		{
			"name": "Back",
			"from": [7, 12, -10],
			"to": [9, 15, -9.2],
			"rotation": {"angle": -22.5, "axis": "x", "origin": [8, 8, 8]},
			"faces": {
				"north": {"uv": [4, 2, 5, 3.5], "texture": "#1"},
				"east": {"uv": [4, 6.5, 4.5, 8], "texture": "#1"},
				"south": {"uv": [3, 4, 4, 5.5], "texture": "#1"},
				"west": {"uv": [4.5, 6.5, 5, 8], "texture": "#1"},
				"up": {"uv": [1, 7.5, 0, 7], "texture": "#1"},
				"down": {"uv": [8.5, 0.5, 7.5, 1], "texture": "#1"}
			}
		},
		{
			"name": "Back",
			"from": [7, 7.6, -11.3],
			"to": [9, 8.1, -8.5],
			"faces": {
				"north": {"uv": [7.5, 1, 8.5, 1.5], "texture": "#1"},
				"east": {"uv": [6, 6.5, 7.5, 7], "texture": "#1"},
				"south": {"uv": [1.5, 7.5, 2.5, 8], "texture": "#1"},
				"west": {"uv": [7, 1.5, 8.5, 2], "texture": "#1"},
				"up": {"uv": [5, 5, 4, 3.5], "texture": "#1"},
				"down": {"uv": [5.5, 0, 4.5, 1.5], "texture": "#1"}
			}
		},
		{
			"name": "Back",
			"from": [7, 7.8, -8.9],
			"to": [9, 8.3, -5.7],
			"faces": {
				"north": {"uv": [2.5, 7.5, 3.5, 8], "texture": "#1"},
				"east": {"uv": [2, 7, 3.5, 7.5], "texture": "#1"},
				"south": {"uv": [5, 7.5, 6, 8], "texture": "#1"},
				"west": {"uv": [7, 2, 8.5, 2.5], "texture": "#1"},
				"up": {"uv": [3, 6, 2, 4.5], "texture": "#1"},
				"down": {"uv": [2, 5, 1, 6.5], "texture": "#1"}
			}
		},
		{
			"name": "Back",
			"from": [7, 4.8, -10.1],
			"to": [9, 5.3, -7.9],
			"faces": {
				"north": {"uv": [6, 7.5, 7, 8], "texture": "#1"},
				"east": {"uv": [7.5, 6.5, 8.5, 7], "texture": "#1"},
				"south": {"uv": [7, 7.5, 8, 8], "texture": "#1"},
				"west": {"uv": [0, 8, 1, 8.5], "texture": "#1"},
				"up": {"uv": [6, 7, 5, 6], "texture": "#1"},
				"down": {"uv": [7, 5, 6, 6], "texture": "#1"}
			}
		},
		{
			"name": "Back",
			"from": [7, 5, -8.3],
			"to": [9, 5.5, -5.5],
			"faces": {
				"north": {"uv": [1, 8, 2, 8.5], "texture": "#1"},
				"east": {"uv": [7, 2.5, 8.5, 3], "texture": "#1"},
				"south": {"uv": [2, 8, 3, 8.5], "texture": "#1"},
				"west": {"uv": [7, 4, 8.5, 4.5], "texture": "#1"},
				"up": {"uv": [6, 3, 5, 1.5], "texture": "#1"},
				"down": {"uv": [6, 3, 5, 4.5], "texture": "#1"}
			}
		},
		{
			"name": "Back",
			"from": [7, 5.2, -6.3],
			"to": [9, 5.7, -3.5],
			"faces": {
				"north": {"uv": [3, 8, 4, 8.5], "texture": "#1"},
				"east": {"uv": [7, 4.5, 8.5, 5], "texture": "#1"},
				"south": {"uv": [4, 8, 5, 8.5], "texture": "#1"},
				"west": {"uv": [5, 7, 6.5, 7.5], "texture": "#1"},
				"up": {"uv": [5, 6.5, 4, 5], "texture": "#1"},
				"down": {"uv": [6, 4.5, 5, 6], "texture": "#1"}
			}
		},
		{
			"name": "Back",
			"from": [7, 8, -6.1],
			"to": [9, 8.5, -3.3],
			"faces": {
				"north": {"uv": [5, 8, 6, 8.5], "texture": "#1"},
				"east": {"uv": [7, 5, 8.5, 5.5], "texture": "#1"},
				"south": {"uv": [6, 8, 7, 8.5], "texture": "#1"},
				"west": {"uv": [7, 5.5, 8.5, 6], "texture": "#1"},
				"up": {"uv": [1, 7, 0, 5.5], "texture": "#1"},
				"down": {"uv": [6.5, 0, 5.5, 1.5], "texture": "#1"}
			}
		},
		{
			"name": "Back",
			"from": [7, 3.6, -2.7],
			"to": [9, 4.1, 1.1],
			"rotation": {"angle": 22.5, "axis": "x", "origin": [8, 8, 8]},
			"faces": {
				"north": {"uv": [8, 6, 9, 6.5], "texture": "#1"},
				"east": {"uv": [6, 6, 8, 6.5], "texture": "#1"},
				"south": {"uv": [7, 8, 8, 8.5], "texture": "#1"},
				"west": {"uv": [6.5, 0, 8.5, 0.5], "texture": "#1"},
				"up": {"uv": [2, 5, 1, 3], "texture": "#1"},
				"down": {"uv": [4, 2, 3, 4], "texture": "#1"}
			}
		},
		{
			"name": "Back",
			"from": [7, -0.4, -0.4],
			"to": [9, 0.3, 2.4],
			"rotation": {"angle": 45, "axis": "x", "origin": [8, 8, 8]},
			"faces": {
				"north": {"uv": [8, 7, 9, 7.5], "texture": "#1"},
				"east": {"uv": [6.5, 7, 8, 7.5], "texture": "#1"},
				"south": {"uv": [8, 7.5, 9, 8], "texture": "#1"},
				"west": {"uv": [0, 7.5, 1.5, 8], "texture": "#1"},
				"up": {"uv": [4, 7, 3, 5.5], "texture": "#1"},
				"down": {"uv": [7, 1.5, 6, 3], "texture": "#1"}
			}
		},
		{
			"name": "Back",
			"from": [7, 9.8, -3.7],
			"to": [9, 10.3, 1.8],
			"rotation": {"angle": -22.5, "axis": "x", "origin": [8, 8, 8]},
			"faces": {
				"north": {"uv": [8, 8, 9, 8.5], "texture": "#1"},
				"east": {"uv": [6, 3, 9, 3.5], "texture": "#1"},
				"south": {"uv": [0, 8.5, 1, 9], "texture": "#1"},
				"west": {"uv": [6, 3.5, 9, 4], "texture": "#1"},
				"up": {"uv": [1, 3, 0, 0], "texture": "#1"},
				"down": {"uv": [2, 0, 1, 3], "texture": "#1"}
			}
		},
		{
			"name": "Back",
			"from": [7, 3, -1.7],
			"to": [9, 3.9, 0.3],
			"rotation": {"angle": 22.5, "axis": "x", "origin": [8, 8, 8]},
			"faces": {
				"north": {"uv": [8.5, 0, 9.5, 0.5], "texture": "#1"},
				"east": {"uv": [8.5, 0.5, 9.5, 1], "texture": "#1"},
				"south": {"uv": [1, 8.5, 2, 9], "texture": "#1"},
				"west": {"uv": [8.5, 1, 9.5, 1.5], "texture": "#1"},
				"up": {"uv": [7.5, 1.5, 6.5, 0.5], "texture": "#1"},
				"down": {"uv": [2, 6.5, 1, 7.5], "texture": "#1"}
			}
		},
		{
			"name": "Back",
			"from": [7, 9.8, -1.7],
			"to": [9, 12, 3.1],
			"rotation": {"angle": -22.5, "axis": "x", "origin": [8, 8, 8]},
			"faces": {
				"north": {"uv": [2, 6, 3, 7], "texture": "#1"},
				"east": {"uv": [2, 0, 4.5, 1], "texture": "#1"},
				"south": {"uv": [6, 4, 7, 5], "texture": "#1"},
				"west": {"uv": [2, 1, 4.5, 2], "texture": "#1"},
				"up": {"uv": [3, 4.5, 2, 2], "texture": "#1"},
				"down": {"uv": [1, 3, 0, 5.5], "texture": "#1"}
			}
		},
		{
			"name": "Body",
			"from": [7, 7.6, 2],
			"to": [9, 9.8, 16.3],
			"faces": {
				"north": {"uv": [5, 0, 5.5, 0.5], "texture": "#2"},
				"east": {"uv": [1, 0, 4.5, 0.5], "texture": "#2"},
				"south": {"uv": [5, 4.5, 5.5, 5], "texture": "#2"},
				"west": {"uv": [1, 0.5, 4.5, 1], "texture": "#2"},
				"up": {"uv": [1.5, 4.5, 1, 1], "texture": "#2"},
				"down": {"uv": [2, 1, 1.5, 4.5], "texture": "#2"}
			}
		},
		{
			"name": "Body",
			"from": [7, 7.3, 1],
			"to": [9, 7.6, 12.8],
			"faces": {
				"north": {"uv": [5.5, 4.5, 6, 4.75], "texture": "#2"},
				"east": {"uv": [3.5, 2, 6.5, 2.25], "texture": "#2"},
				"south": {"uv": [5.5, 4.75, 6, 5], "texture": "#2"},
				"west": {"uv": [3.5, 2.25, 6.5, 2.5], "texture": "#2"},
				"up": {"uv": [2.5, 4, 2, 1], "texture": "#2"},
				"down": {"uv": [3, 1, 2.5, 4], "texture": "#2"}
			}
		},
		{
			"name": "Body",
			"from": [7, 7.8, 16.3],
			"to": [9, 9.8, 21.6],
			"faces": {
				"north": {"uv": [5, 5, 5.5, 5.5], "texture": "#2"},
				"east": {"uv": [3.5, 2.5, 4.75, 3], "texture": "#2"},
				"south": {"uv": [0, 5.25, 0.5, 5.75], "texture": "#2"},
				"west": {"uv": [3.5, 3, 4.75, 3.5], "texture": "#2"},
				"up": {"uv": [4, 4.75, 3.5, 3.5], "texture": "#2"},
				"down": {"uv": [2.5, 4, 2, 5.25], "texture": "#2"}
			}
		},
		{
			"name": "Body",
			"from": [7, 8, 21.6],
			"to": [9, 9.8, 26.9],
			"faces": {
				"north": {"uv": [0.5, 5.25, 1, 5.75], "texture": "#2"},
				"east": {"uv": [4, 3.5, 5.25, 4], "texture": "#2"},
				"south": {"uv": [2, 5.25, 2.5, 5.75], "texture": "#2"},
				"west": {"uv": [4, 4, 5.25, 4.5], "texture": "#2"},
				"up": {"uv": [3, 5.25, 2.5, 4], "texture": "#2"},
				"down": {"uv": [1.5, 4.5, 1, 5.75], "texture": "#2"}
			}
		},
		{
			"name": "Cube",
			"from": [7, 8.2, 26.9],
			"to": [9, 9.8, 29.2],
			"faces": {
				"north": {"uv": [2.5, 5.25, 3, 5.75], "texture": "#2"},
				"east": {"uv": [5.25, 2.5, 5.75, 3], "texture": "#2"},
				"south": {"uv": [5.25, 3.5, 5.75, 4], "texture": "#2"},
				"west": {"uv": [5.25, 4, 5.75, 4.5], "texture": "#2"},
				"up": {"uv": [5, 5.75, 4.5, 5.25], "texture": "#2"},
				"down": {"uv": [6, 0, 5.5, 0.5], "texture": "#2"}
			}
		},
		{
			"name": "ArrowSlot",
			"from": [7.1, 9.8, 2.6],
			"to": [8.9, 10.8, 7.9],
			"faces": {
				"north": {"uv": [5, 5.5, 5.5, 5.75], "texture": "#2"},
				"east": {"uv": [4.5, 0.75, 5.75, 1], "texture": "#2"},
				"south": {"uv": [5.5, 5, 6, 5.25], "texture": "#2"},
				"west": {"uv": [4.75, 3.25, 6, 3.5], "texture": "#2"},
				"up": {"uv": [2, 5.75, 1.5, 4.5], "texture": "#2"},
				"down": {"uv": [4.5, 4.5, 4, 5.75], "texture": "#2"}
			}
		},
		{
			"name": "ArrowSlot",
			"from": [7.1, 10.8, 2.4],
			"to": [8.9, 11.2, 5.7],
			"faces": {
				"north": {"uv": [5.5, 5.25, 6, 5.5], "texture": "#2"},
				"east": {"uv": [5, 0.5, 5.75, 0.75], "texture": "#2"},
				"south": {"uv": [5.5, 5.5, 6, 5.75], "texture": "#2"},
				"west": {"uv": [5.25, 3, 6, 3.25], "texture": "#2"},
				"up": {"uv": [5, 0.75, 4.5, 0], "texture": "#2"},
				"down": {"uv": [5, 4.5, 4.5, 5.25], "texture": "#2"}
			}
		},
		{
			"name": "ArrowSlot",
			"from": [7.1, 13, 4],
			"to": [7.9, 13.5, 4.3],
			"rotation": {"angle": -22.5, "axis": "x", "origin": [8, 8, 8]},
			"faces": {
				"north": {"uv": [1.25, 5.75, 1.5, 6], "texture": "#2"},
				"east": {"uv": [1.25, 5.75, 1.375, 6], "texture": "#2"},
				"south": {"uv": [1.25, 5.75, 1.5, 6], "texture": "#2"},
				"west": {"uv": [1.25, 5.75, 1.375, 6], "texture": "#2"},
				"up": {"uv": [1.5, 5.875, 1.25, 5.75], "texture": "#2"},
				"down": {"uv": [6.25, 1.5, 6, 1.625], "texture": "#2"}
			}
		},
		{
			"name": "ArrowSlot",
			"from": [8.1, 13, 4],
			"to": [8.9, 13.5, 4.3],
			"rotation": {"angle": -22.5, "axis": "x", "origin": [8, 8, 8]},
			"faces": {
				"north": {"uv": [1.25, 5.75, 1.5, 6], "texture": "#2"},
				"east": {"uv": [1.25, 5.75, 1.375, 6], "texture": "#2"},
				"south": {"uv": [1.25, 5.75, 1.5, 6], "texture": "#2"},
				"west": {"uv": [1.25, 5.75, 1.375, 6], "texture": "#2"},
				"up": {"uv": [1.5, 5.875, 1.25, 5.75], "texture": "#2"},
				"down": {"uv": [1.5, 5.75, 1.25, 5.875], "texture": "#2"}
			}
		},
		{
			"name": "ArrowSlot",
			"from": [7.1, 9.8, 7.9],
			"to": [8.9, 10.2, 29.2],
			"faces": {
				"north": {"uv": [0, 5.75, 0.5, 6], "texture": "#2"},
				"east": {"uv": [3.5, 1.5, 8.75, 1.75], "texture": "#2"},
				"south": {"uv": [0.5, 5.75, 1, 6], "texture": "#2"},
				"west": {"uv": [3.5, 1.75, 8.75, 2], "texture": "#2"},
				"up": {"uv": [0.5, 5.25, 0, 0], "texture": "#2"},
				"down": {"uv": [1, 0, 0.5, 5.25], "texture": "#2"}
			}
		},
		{
			"name": "Bow",
			"from": [7, 8.2, 29.2],
			"to": [9, 11, 29.6],
			"faces": {
				"north": {"uv": [4.75, 2.5, 5.25, 3.25], "texture": "#2"},
				"east": {"uv": [3.5, 5.5, 3.75, 6.25], "texture": "#2"},
				"south": {"uv": [3.5, 4.75, 4, 5.5], "texture": "#2"},
				"west": {"uv": [3.75, 5.5, 4, 6.25], "texture": "#2"},
				"up": {"uv": [6.25, 0.75, 5.75, 0.5], "texture": "#2"},
				"down": {"uv": [6.25, 0.75, 5.75, 1], "texture": "#2"}
			}
		},
		{
			"name": "Arrow",
			"from": [7.7, 10.2, 7.9],
			"to": [8.3, 10.8, 32],
			"faces": {
				"north": {"uv": [1, 5.75, 1.25, 6], "texture": "#2"},
				"east": {"uv": [3, 1, 9, 1.25], "texture": "#2"},
				"south": {"uv": [1.25, 5.75, 1.5, 6], "texture": "#2"},
				"west": {"uv": [3, 1.25, 9, 1.5], "texture": "#2"},
				"up": {"uv": [3.25, 7.5, 3, 1.5], "texture": "#2"},
				"down": {"uv": [3.5, 1.5, 3.25, 7.5], "texture": "#2"}
			}
		}
	],
	"display": {
		"thirdperson_righthand": {
			"rotation": [180, 0, 180],
			"translation": [0, 1.1, -2],
			"scale": [0.6, 0.6, 0.6]
		},
		"thirdperson_lefthand": {
			"rotation": [-180, 0, -180],
			"translation": [-1, 0, -1.5],
			"scale": [0.49414, 0.49414, 0.49414]
		},
		"firstperson_righthand": {
			"rotation": [180, 0, 180],
			"translation": [-3.25, 2, -1.75]
		},
		"firstperson_lefthand": {
			"rotation": [-180, 0, -180],
			"translation": [-2, 1.75, -0.25]
		},
		"ground": {
			"scale": [0.71914, 0.71914, 0.71914]
		},
		"gui": {
			"rotation": [-90, -50.25, -90],
			"translation": [0.55, -0.5, 0],
			"scale": [0.43789, 0.43789, 0.43789]
		},
		"fixed": {
			"rotation": [-90, 51.25, 90],
			"translation": [-0.75, -1, -0.5],
			"scale": [0.57422, 0.57422, 0.57422]
		}
	}
}