{
	"parent": "item/handheld",
	"textures": {
		"layer0": "item/netherite_sword"
	},
	
	"overrides": [
		{"predicate": {"custom_model_data":1}, "model": "item/icarus_blade/icarus_blade"},
		{"predicate": {"custom_model_data":2}, "model": "item/windburst/windburst"},
		{"predicate": {"custom_model_data":3}, "model": "item/striker/striker"},
		{"predicate": {"custom_model_data":4}, "model": "item/witherbrand/witherbrand"},
		{"predicate": {"custom_model_data":5}, "model": "item/anduril/dragonsword"}
	]
}