{
	"parent": "item/generated",
	"textures": {
		"layer0": "item/potato"
	},
	
	"overrides": [
		{"predicate": {"custom_model_data":1}, "model": "item/potatoes/condensed"},
		{"predicate": {"custom_model_data":2}, "model": "item/potatoes/compressed"},
		{"predicate": {"custom_model_data":3}, "model": "item/potatoes/hardened"},
		{"predicate": {"custom_model_data":4}, "model": "item/potatoes/compressed_hardened"},
		{"predicate": {"custom_model_data":5}, "model": "item/potatoes/neutron_star"},
		{"predicate": {"custom_model_data":6}, "model": "item/potatoes/black_hole"}
	]
}