{
	"parent": "item/handheld_rod",
	"textures": {
		"layer0": "item/warped_fungus_on_a_stick"
	},
	
	"overrides": [
		{"predicate": {"custom_model_data":1}, "model": "item/phaseshift/phaseshift"},
		{"predicate": {"custom_model_data":2}, "model": "item/golden_chicken/golden_chicken"},
		{"predicate": {"custom_model_data":3}, "model": "item/wands/lifewand"},
		{"predicate": {"custom_model_data":4}, "model": "item/wands/wallwand"},
		{"predicate": {"custom_model_data":5}, "model": "item/guns/rifle"}
	]
}